carbon_official_part,mw_exact_part,classification,status
MUSTANGGT_BASE_A,MUSTANGGT_BASE_A,standard,export source available
MUSTANGGT_BASE_B,MUSTANGGT_BASE_B,standard,export source available
MUSTANGGT_BASE_C,MUSTANGGT_BASE_C,standard,export source available
MUSTANGGT_BASE_D,MUSTANGGT_BASE_D,standard,export source available
MUSTANGGT_DECAL_FRONT_WINDOW_WIDE_MEDIUM_A,MUSTANGGT_DECAL_FRONT_WINDOW_WIDE_MEDIUM_A,standard,export source available
MUSTANGGT_DECAL_REAR_WINDOW_WIDE_MEDIUM_A,MUSTANGGT_DECAL_REAR_WINDOW_WIDE_MEDIUM_A,standard,export source available
MUSTANGGT_KIT00_BODY_A,MUSTANGGT_KIT00_BODY_A,standard,export source available
MUSTANGGT_KIT00_BODY_B,MUSTANGGT_KIT00_BODY_B,standard,export source available
MUSTANGGT_KIT00_BODY_C,MUSTANGGT_KIT00_BODY_C,standard,export source available
MUSTANGGT_KIT00_BODY_D,MUSTANGGT_KIT00_BODY_D,standard,export source available
MUSTANGGT_KIT00_BODY_E,MUSTANGGT_KIT00_BODY_E,standard,export source available
MUSTANGGT_KIT00_DAMAGE0_FRONTLEFT_A,,damage,needs adaptation
MUSTANGGT_KIT00_DAMAGE0_FRONTLEFT_B,,damage,needs adaptation
MUSTANGGT_KIT00_DAMAGE0_FRONTLEFT_C,,damage,needs adaptation
MUSTANGGT_KIT00_DAMAGE0_FRONTRIGHT_A,,damage,needs adaptation
MUSTANGGT_KIT00_DAMAGE0_FRONTRIGHT_B,,damage,needs adaptation
MUSTANGGT_KIT00_DAMAGE0_FRONTRIGHT_C,,damage,needs adaptation
MUSTANGGT_KIT00_DAMAGE0_FRONT_A,,damage,needs adaptation
MUSTANGGT_KIT00_DAMAGE0_FRONT_B,,damage,needs adaptation
MUSTANGGT_KIT00_DAMAGE0_FRONT_C,,damage,needs adaptation
MUSTANGGT_KIT00_DAMAGE0_FRONT_T0_A,,autosculpt,needs adaptation
MUSTANGGT_KIT00_DAMAGE0_FRONT_T0_B,,autosculpt,needs adaptation
MUSTANGGT_KIT00_DAMAGE0_FRONT_T0_C,,autosculpt,needs adaptation
MUSTANGGT_KIT00_DAMAGE0_REARLEFT_A,,damage,needs adaptation
MUSTANGGT_KIT00_DAMAGE0_REARLEFT_B,,damage,needs adaptation
MUSTANGGT_KIT00_DAMAGE0_REARLEFT_C,,damage,needs adaptation
MUSTANGGT_KIT00_DAMAGE0_REARRIGHT_A,,damage,needs adaptation
MUSTANGGT_KIT00_DAMAGE0_REARRIGHT_B,,damage,needs adaptation
MUSTANGGT_KIT00_DAMAGE0_REARRIGHT_C,,damage,needs adaptation
MUSTANGGT_KIT00_DAMAGE0_REAR_A,,damage,needs adaptation
MUSTANGGT_KIT00_DAMAGE0_REAR_B,,damage,needs adaptation
MUSTANGGT_KIT00_DAMAGE0_REAR_C,,damage,needs adaptation
MUSTANGGT_KIT00_DAMAGE0_REAR_T0_A,,autosculpt,needs adaptation
MUSTANGGT_KIT00_DAMAGE0_REAR_T0_B,,autosculpt,needs adaptation
MUSTANGGT_KIT00_DAMAGE0_REAR_T0_C,,autosculpt,needs adaptation
MUSTANGGT_KIT00_DOORLINE_A,,standard,needs adaptation
MUSTANGGT_KIT00_DOORLINE_B,,standard,needs adaptation
MUSTANGGT_KIT00_DOORLINE_C,,standard,needs adaptation
MUSTANGGT_KIT00_DOORLINE_T0_A,,autosculpt,needs adaptation
MUSTANGGT_KIT00_DOORLINE_T0_B,,autosculpt,needs adaptation
MUSTANGGT_KIT00_DOORLINE_T0_C,,autosculpt,needs adaptation
MUSTANGGT_KIT00_DOOR_LEFT_A,,standard,needs adaptation
MUSTANGGT_KIT00_DOOR_LEFT_B,,standard,needs adaptation
MUSTANGGT_KIT00_DOOR_LEFT_T0_A,,autosculpt,needs adaptation
MUSTANGGT_KIT00_DOOR_LEFT_T0_B,,autosculpt,needs adaptation
MUSTANGGT_KIT00_DOOR_LEFT_T1_A,,autosculpt,needs adaptation
MUSTANGGT_KIT00_DOOR_LEFT_T1_B,,autosculpt,needs adaptation
MUSTANGGT_KIT00_DOOR_RIGHT_A,,standard,needs adaptation
MUSTANGGT_KIT00_DOOR_RIGHT_B,,standard,needs adaptation
MUSTANGGT_KIT00_DOOR_RIGHT_T0_A,,autosculpt,needs adaptation
MUSTANGGT_KIT00_DOOR_RIGHT_T0_B,,autosculpt,needs adaptation
MUSTANGGT_KIT00_DOOR_RIGHT_T1_A,,autosculpt,needs adaptation
MUSTANGGT_KIT00_DOOR_RIGHT_T1_B,,autosculpt,needs adaptation
MUSTANGGT_KIT00_DRIVER_A,MUSTANGGT_KIT00_DRIVER_A,standard,export source available
MUSTANGGT_KIT00_DRIVER_C,MUSTANGGT_KIT00_DRIVER_C,standard,export source available
MUSTANGGT_KIT00_EXHAUST_A,,standard,needs adaptation
MUSTANGGT_KIT00_EXHAUST_B,,standard,needs adaptation
MUSTANGGT_KIT00_EXHAUST_C,,standard,needs adaptation
MUSTANGGT_KIT00_EXHAUST_D,,standard,needs adaptation
MUSTANGGT_KIT00_FRONT_BRAKE_A,MUSTANGGT_KIT00_FRONT_BRAKE_A,standard,export source available
MUSTANGGT_KIT00_FRONT_BRAKE_B,MUSTANGGT_KIT00_FRONT_BRAKE_B,standard,export source available
MUSTANGGT_KIT00_FRONT_BRAKE_C,MUSTANGGT_KIT00_FRONT_BRAKE_C,standard,export source available
MUSTANGGT_KIT00_FRONT_BUMPER_A,,standard,needs adaptation
MUSTANGGT_KIT00_FRONT_BUMPER_B,,standard,needs adaptation
MUSTANGGT_KIT00_FRONT_BUMPER_BADGING_SET_A,,standard,needs adaptation
MUSTANGGT_KIT00_FRONT_BUMPER_BADGING_SET_B,,standard,needs adaptation
MUSTANGGT_KIT00_FRONT_BUMPER_BADGING_SET_C,,standard,needs adaptation
MUSTANGGT_KIT00_FRONT_BUMPER_BADGING_SET_D,,standard,needs adaptation
MUSTANGGT_KIT00_FRONT_BUMPER_C,,standard,needs adaptation
MUSTANGGT_KIT00_FRONT_BUMPER_D,,standard,needs adaptation
MUSTANGGT_KIT00_FRONT_LEFT_WINDOW_A,,standard,needs adaptation
MUSTANGGT_KIT00_FRONT_LEFT_WINDOW_B,,standard,needs adaptation
MUSTANGGT_KIT00_FRONT_LEFT_WINDOW_C,,standard,needs adaptation
MUSTANGGT_KIT00_FRONT_LEFT_WINDOW_D,,standard,needs adaptation
MUSTANGGT_KIT00_FRONT_LEFT_WINDOW_T0_A,,autosculpt,needs adaptation
MUSTANGGT_KIT00_FRONT_LEFT_WINDOW_T0_B,,autosculpt,needs adaptation
MUSTANGGT_KIT00_FRONT_LEFT_WINDOW_T0_C,,autosculpt,needs adaptation
MUSTANGGT_KIT00_FRONT_LEFT_WINDOW_T0_D,,autosculpt,needs adaptation
MUSTANGGT_KIT00_FRONT_LEFT_WINDOW_T1_A,,autosculpt,needs adaptation
MUSTANGGT_KIT00_FRONT_LEFT_WINDOW_T1_B,,autosculpt,needs adaptation
MUSTANGGT_KIT00_FRONT_LEFT_WINDOW_T1_C,,autosculpt,needs adaptation
MUSTANGGT_KIT00_FRONT_LEFT_WINDOW_T1_D,,autosculpt,needs adaptation
MUSTANGGT_KIT00_FRONT_RIGHT_WINDOW_A,,standard,needs adaptation
MUSTANGGT_KIT00_FRONT_RIGHT_WINDOW_B,,standard,needs adaptation
MUSTANGGT_KIT00_FRONT_RIGHT_WINDOW_C,,standard,needs adaptation
MUSTANGGT_KIT00_FRONT_RIGHT_WINDOW_D,,standard,needs adaptation
MUSTANGGT_KIT00_FRONT_RIGHT_WINDOW_T0_A,,autosculpt,needs adaptation
MUSTANGGT_KIT00_FRONT_RIGHT_WINDOW_T0_B,,autosculpt,needs adaptation
MUSTANGGT_KIT00_FRONT_RIGHT_WINDOW_T0_C,,autosculpt,needs adaptation
MUSTANGGT_KIT00_FRONT_RIGHT_WINDOW_T0_D,,autosculpt,needs adaptation
MUSTANGGT_KIT00_FRONT_RIGHT_WINDOW_T1_A,,autosculpt,needs adaptation
MUSTANGGT_KIT00_FRONT_RIGHT_WINDOW_T1_B,,autosculpt,needs adaptation
MUSTANGGT_KIT00_FRONT_RIGHT_WINDOW_T1_C,,autosculpt,needs adaptation
MUSTANGGT_KIT00_FRONT_RIGHT_WINDOW_T1_D,,autosculpt,needs adaptation
MUSTANGGT_KIT00_FRONT_TIRE_A,MUSTANGGT_KIT00_FRONT_TIRE_A,standard,export source available
MUSTANGGT_KIT00_FRONT_TIRE_B,MUSTANGGT_KIT00_FRONT_TIRE_B,standard,export source available
MUSTANGGT_KIT00_FRONT_TIRE_C,MUSTANGGT_KIT00_FRONT_TIRE_C,standard,export source available
MUSTANGGT_KIT00_FRONT_TIRE_D,MUSTANGGT_KIT00_FRONT_TIRE_D,standard,export source available
MUSTANGGT_KIT00_FRONT_TIRE_T0_A,,autosculpt,needs adaptation
MUSTANGGT_KIT00_FRONT_TIRE_T0_B,,autosculpt,needs adaptation
MUSTANGGT_KIT00_FRONT_TIRE_T0_C,,autosculpt,needs adaptation
MUSTANGGT_KIT00_FRONT_TIRE_T0_D,,autosculpt,needs adaptation
MUSTANGGT_KIT00_FRONT_WINDOW_A,MUSTANGGT_KIT00_FRONT_WINDOW_A,standard,export source available
MUSTANGGT_KIT00_FRONT_WINDOW_B,MUSTANGGT_KIT00_FRONT_WINDOW_B,standard,export source available
MUSTANGGT_KIT00_FRONT_WINDOW_C,MUSTANGGT_KIT00_FRONT_WINDOW_C,standard,export source available
MUSTANGGT_KIT00_FRONT_WINDOW_D,MUSTANGGT_KIT00_FRONT_WINDOW_D,standard,export source available
MUSTANGGT_KIT00_FRONT_WINDOW_T0_A,,autosculpt,needs adaptation
MUSTANGGT_KIT00_FRONT_WINDOW_T0_B,,autosculpt,needs adaptation
MUSTANGGT_KIT00_FRONT_WINDOW_T0_C,,autosculpt,needs adaptation
MUSTANGGT_KIT00_FRONT_WINDOW_T0_D,,autosculpt,needs adaptation
MUSTANGGT_KIT00_FRONT_WINDOW_T1_A,,autosculpt,needs adaptation
MUSTANGGT_KIT00_FRONT_WINDOW_T1_B,,autosculpt,needs adaptation
MUSTANGGT_KIT00_FRONT_WINDOW_T1_C,,autosculpt,needs adaptation
MUSTANGGT_KIT00_FRONT_WINDOW_T1_D,,autosculpt,needs adaptation
MUSTANGGT_KIT00_HOOD_A,MUSTANGGT_KIT00_HOOD_A,standard,export source available
MUSTANGGT_KIT00_HOOD_B,MUSTANGGT_KIT00_HOOD_B,standard,export source available
MUSTANGGT_KIT00_HOOD_C,MUSTANGGT_KIT00_HOOD_C,standard,export source available
MUSTANGGT_KIT00_HOOD_D,MUSTANGGT_KIT00_HOOD_D,standard,export source available
MUSTANGGT_KIT00_INTERIOR_A,MUSTANGGT_KIT00_INTERIOR_A,standard,export source available
MUSTANGGT_KIT00_INTERIOR_B,MUSTANGGT_KIT00_INTERIOR_B,standard,export source available
MUSTANGGT_KIT00_INTERIOR_C,MUSTANGGT_KIT00_INTERIOR_C,standard,export source available
MUSTANGGT_KIT00_INTERIOR_D,MUSTANGGT_KIT00_INTERIOR_D,standard,export source available
MUSTANGGT_KIT00_INTERIOR_T0_A,,autosculpt,needs adaptation
MUSTANGGT_KIT00_INTERIOR_T0_B,,autosculpt,needs adaptation
MUSTANGGT_KIT00_INTERIOR_T0_C,,autosculpt,needs adaptation
MUSTANGGT_KIT00_INTERIOR_T0_D,,autosculpt,needs adaptation
MUSTANGGT_KIT00_INTERIOR_T1_A,,autosculpt,needs adaptation
MUSTANGGT_KIT00_INTERIOR_T1_B,,autosculpt,needs adaptation
MUSTANGGT_KIT00_INTERIOR_T1_C,,autosculpt,needs adaptation
MUSTANGGT_KIT00_INTERIOR_T1_D,,autosculpt,needs adaptation
MUSTANGGT_KIT00_LEFT_BRAKELIGHT_A,,standard,needs adaptation
MUSTANGGT_KIT00_LEFT_BRAKELIGHT_B,,standard,needs adaptation
MUSTANGGT_KIT00_LEFT_BRAKELIGHT_C,,standard,needs adaptation
MUSTANGGT_KIT00_LEFT_BRAKELIGHT_D,,standard,needs adaptation
MUSTANGGT_KIT00_LEFT_BRAKELIGHT_GLASS_A,,standard,needs adaptation
MUSTANGGT_KIT00_LEFT_BRAKELIGHT_GLASS_B,,standard,needs adaptation
MUSTANGGT_KIT00_LEFT_BRAKELIGHT_GLASS_C,,standard,needs adaptation
MUSTANGGT_KIT00_LEFT_HEADLIGHT_A,,standard,needs adaptation
MUSTANGGT_KIT00_LEFT_HEADLIGHT_B,,standard,needs adaptation
MUSTANGGT_KIT00_LEFT_HEADLIGHT_C,,standard,needs adaptation
MUSTANGGT_KIT00_LEFT_HEADLIGHT_D,,standard,needs adaptation
MUSTANGGT_KIT00_LEFT_HEADLIGHT_GLASS_A,,standard,needs adaptation
MUSTANGGT_KIT00_LEFT_HEADLIGHT_GLASS_B,,standard,needs adaptation
MUSTANGGT_KIT00_LEFT_HEADLIGHT_GLASS_C,,standard,needs adaptation
MUSTANGGT_KIT00_LEFT_SIDE_MIRROR_A,MUSTANGGT_KIT00_LEFT_SIDE_MIRROR_A,standard,export source available
MUSTANGGT_KIT00_LEFT_SIDE_MIRROR_B,,standard,needs adaptation
MUSTANGGT_KIT00_LEFT_SIDE_MIRROR_C,,standard,needs adaptation
MUSTANGGT_KIT00_LEFT_SIDE_MIRROR_D,,standard,needs adaptation
MUSTANGGT_KIT00_REAR_BRAKE_A,MUSTANGGT_KIT00_REAR_BRAKE_A,standard,export source available
MUSTANGGT_KIT00_REAR_BRAKE_B,MUSTANGGT_KIT00_REAR_BRAKE_B,standard,export source available
MUSTANGGT_KIT00_REAR_BRAKE_C,MUSTANGGT_KIT00_REAR_BRAKE_C,standard,export source available
MUSTANGGT_KIT00_REAR_BUMPER_A,,standard,needs adaptation
MUSTANGGT_KIT00_REAR_BUMPER_B,,standard,needs adaptation
MUSTANGGT_KIT00_REAR_BUMPER_BADGING_SET_A,,standard,needs adaptation
MUSTANGGT_KIT00_REAR_BUMPER_BADGING_SET_B,,standard,needs adaptation
MUSTANGGT_KIT00_REAR_BUMPER_BADGING_SET_C,,standard,needs adaptation
MUSTANGGT_KIT00_REAR_BUMPER_BADGING_SET_D,,standard,needs adaptation
MUSTANGGT_KIT00_REAR_BUMPER_C,,standard,needs adaptation
MUSTANGGT_KIT00_REAR_BUMPER_D,,standard,needs adaptation
MUSTANGGT_KIT00_REAR_LEFT_WINDOW_A,,standard,needs adaptation
MUSTANGGT_KIT00_REAR_LEFT_WINDOW_B,,standard,needs adaptation
MUSTANGGT_KIT00_REAR_LEFT_WINDOW_C,,standard,needs adaptation
MUSTANGGT_KIT00_REAR_LEFT_WINDOW_D,,standard,needs adaptation
MUSTANGGT_KIT00_REAR_LEFT_WINDOW_T0_A,,autosculpt,needs adaptation
MUSTANGGT_KIT00_REAR_LEFT_WINDOW_T0_B,,autosculpt,needs adaptation
MUSTANGGT_KIT00_REAR_LEFT_WINDOW_T0_C,,autosculpt,needs adaptation
MUSTANGGT_KIT00_REAR_LEFT_WINDOW_T0_D,,autosculpt,needs adaptation
MUSTANGGT_KIT00_REAR_LEFT_WINDOW_T1_A,,autosculpt,needs adaptation
MUSTANGGT_KIT00_REAR_LEFT_WINDOW_T1_B,,autosculpt,needs adaptation
MUSTANGGT_KIT00_REAR_LEFT_WINDOW_T1_C,,autosculpt,needs adaptation
MUSTANGGT_KIT00_REAR_LEFT_WINDOW_T1_D,,autosculpt,needs adaptation
MUSTANGGT_KIT00_REAR_RIGHT_WINDOW_A,,standard,needs adaptation
MUSTANGGT_KIT00_REAR_RIGHT_WINDOW_B,,standard,needs adaptation
MUSTANGGT_KIT00_REAR_RIGHT_WINDOW_C,,standard,needs adaptation
MUSTANGGT_KIT00_REAR_RIGHT_WINDOW_D,,standard,needs adaptation
MUSTANGGT_KIT00_REAR_RIGHT_WINDOW_T0_A,,autosculpt,needs adaptation
MUSTANGGT_KIT00_REAR_RIGHT_WINDOW_T0_B,,autosculpt,needs adaptation
MUSTANGGT_KIT00_REAR_RIGHT_WINDOW_T0_C,,autosculpt,needs adaptation
MUSTANGGT_KIT00_REAR_RIGHT_WINDOW_T0_D,,autosculpt,needs adaptation
MUSTANGGT_KIT00_REAR_RIGHT_WINDOW_T1_A,,autosculpt,needs adaptation
MUSTANGGT_KIT00_REAR_RIGHT_WINDOW_T1_B,,autosculpt,needs adaptation
MUSTANGGT_KIT00_REAR_RIGHT_WINDOW_T1_C,,autosculpt,needs adaptation
MUSTANGGT_KIT00_REAR_RIGHT_WINDOW_T1_D,,autosculpt,needs adaptation
MUSTANGGT_KIT00_REAR_WINDOW_A,MUSTANGGT_KIT00_REAR_WINDOW_A,standard,export source available
MUSTANGGT_KIT00_REAR_WINDOW_B,MUSTANGGT_KIT00_REAR_WINDOW_B,standard,export source available
MUSTANGGT_KIT00_REAR_WINDOW_C,MUSTANGGT_KIT00_REAR_WINDOW_C,standard,export source available
MUSTANGGT_KIT00_REAR_WINDOW_D,MUSTANGGT_KIT00_REAR_WINDOW_D,standard,export source available
MUSTANGGT_KIT00_REAR_WINDOW_T0_A,,autosculpt,needs adaptation
MUSTANGGT_KIT00_REAR_WINDOW_T0_B,,autosculpt,needs adaptation
MUSTANGGT_KIT00_REAR_WINDOW_T0_C,,autosculpt,needs adaptation
MUSTANGGT_KIT00_REAR_WINDOW_T0_D,,autosculpt,needs adaptation
MUSTANGGT_KIT00_REAR_WINDOW_T1_A,,autosculpt,needs adaptation
MUSTANGGT_KIT00_REAR_WINDOW_T1_B,,autosculpt,needs adaptation
MUSTANGGT_KIT00_REAR_WINDOW_T1_C,,autosculpt,needs adaptation
MUSTANGGT_KIT00_REAR_WINDOW_T1_D,,autosculpt,needs adaptation
MUSTANGGT_KIT00_RIGHT_BRAKELIGHT_A,MUSTANGGT_KIT00_RIGHT_BRAKELIGHT_A,standard,export source available
MUSTANGGT_KIT00_RIGHT_BRAKELIGHT_B,MUSTANGGT_KIT00_RIGHT_BRAKELIGHT_B,standard,export source available
MUSTANGGT_KIT00_RIGHT_BRAKELIGHT_C,MUSTANGGT_KIT00_RIGHT_BRAKELIGHT_C,standard,export source available
MUSTANGGT_KIT00_RIGHT_BRAKELIGHT_D,MUSTANGGT_KIT00_RIGHT_BRAKELIGHT_D,standard,export source available
MUSTANGGT_KIT00_RIGHT_BRAKELIGHT_GLASS_A,MUSTANGGT_KIT00_RIGHT_BRAKELIGHT_GLASS_A,standard,export source available
MUSTANGGT_KIT00_RIGHT_BRAKELIGHT_GLASS_B,MUSTANGGT_KIT00_RIGHT_BRAKELIGHT_GLASS_B,standard,export source available
MUSTANGGT_KIT00_RIGHT_BRAKELIGHT_GLASS_C,MUSTANGGT_KIT00_RIGHT_BRAKELIGHT_GLASS_C,standard,export source available
MUSTANGGT_KIT00_RIGHT_HEADLIGHT_A,MUSTANGGT_KIT00_RIGHT_HEADLIGHT_A,standard,export source available
MUSTANGGT_KIT00_RIGHT_HEADLIGHT_B,MUSTANGGT_KIT00_RIGHT_HEADLIGHT_B,standard,export source available
MUSTANGGT_KIT00_RIGHT_HEADLIGHT_C,MUSTANGGT_KIT00_RIGHT_HEADLIGHT_C,standard,export source available
MUSTANGGT_KIT00_RIGHT_HEADLIGHT_D,MUSTANGGT_KIT00_RIGHT_HEADLIGHT_D,standard,export source available
MUSTANGGT_KIT00_RIGHT_HEADLIGHT_GLASS_A,MUSTANGGT_KIT00_RIGHT_HEADLIGHT_GLASS_A,standard,export source available
MUSTANGGT_KIT00_RIGHT_HEADLIGHT_GLASS_B,MUSTANGGT_KIT00_RIGHT_HEADLIGHT_GLASS_B,standard,export source available
MUSTANGGT_KIT00_RIGHT_HEADLIGHT_GLASS_C,MUSTANGGT_KIT00_RIGHT_HEADLIGHT_GLASS_C,standard,export source available
MUSTANGGT_KIT00_RIGHT_SIDE_MIRROR_A,MUSTANGGT_KIT00_RIGHT_SIDE_MIRROR_A,standard,export source available
MUSTANGGT_KIT00_RIGHT_SIDE_MIRROR_B,MUSTANGGT_KIT00_RIGHT_SIDE_MIRROR_B,standard,export source available
MUSTANGGT_KIT00_RIGHT_SIDE_MIRROR_C,MUSTANGGT_KIT00_RIGHT_SIDE_MIRROR_C,standard,export source available
MUSTANGGT_KIT00_RIGHT_SIDE_MIRROR_D,MUSTANGGT_KIT00_RIGHT_SIDE_MIRROR_D,standard,export source available
MUSTANGGT_KIT00_ROOF_A,,standard,needs adaptation
MUSTANGGT_KIT00_ROOF_B,,standard,needs adaptation
MUSTANGGT_KIT00_ROOF_C,,standard,needs adaptation
MUSTANGGT_KIT00_ROOF_D,,standard,needs adaptation
MUSTANGGT_KIT00_ROOF_T0_A,,autosculpt,needs adaptation
MUSTANGGT_KIT00_ROOF_T0_B,,autosculpt,needs adaptation
MUSTANGGT_KIT00_ROOF_T0_C,,autosculpt,needs adaptation
MUSTANGGT_KIT00_ROOF_T0_D,,autosculpt,needs adaptation
MUSTANGGT_KIT00_ROOF_T1_A,,autosculpt,needs adaptation
MUSTANGGT_KIT00_ROOF_T1_B,,autosculpt,needs adaptation
MUSTANGGT_KIT00_ROOF_T1_C,,autosculpt,needs adaptation
MUSTANGGT_KIT00_ROOF_T1_D,,autosculpt,needs adaptation
MUSTANGGT_KIT00_SKIRT_A,,standard,needs adaptation
MUSTANGGT_KIT00_SKIRT_B,,standard,needs adaptation
MUSTANGGT_KIT00_SKIRT_C,,standard,needs adaptation
MUSTANGGT_KIT00_SKIRT_D,,standard,needs adaptation
MUSTANGGT_KIT00_SPOILER_A,MUSTANGGT_KIT00_SPOILER_A,standard,export source available
MUSTANGGT_KIT00_SPOILER_B,MUSTANGGT_KIT00_SPOILER_B,standard,export source available
MUSTANGGT_KIT00_SPOILER_C,MUSTANGGT_KIT00_SPOILER_C,standard,export source available
MUSTANGGT_KIT00_SPOILER_D,MUSTANGGT_KIT00_SPOILER_D,standard,export source available
MUSTANGGT_KIT00_UNIVERSAL_SPOILER_BASE_A,,standard,needs adaptation
MUSTANGGT_KIT00_UNIVERSAL_SPOILER_BASE_B,,standard,needs adaptation
MUSTANGGT_KIT00_UNIVERSAL_SPOILER_BASE_C,,standard,needs adaptation
MUSTANGGT_KIT00_UNIVERSAL_SPOILER_BASE_D,,standard,needs adaptation
MUSTANGGT_KIT01_DAMAGE0_FRONTLEFT_B,,damage,needs adaptation
MUSTANGGT_KIT01_DAMAGE0_FRONTRIGHT_B,,damage,needs adaptation
MUSTANGGT_KIT01_DAMAGE0_FRONT_B,,damage,needs adaptation
MUSTANGGT_KIT01_DAMAGE0_FRONT_T0_B,,autosculpt,needs adaptation
MUSTANGGT_KIT01_DAMAGE0_FRONT_T1_B,,autosculpt,needs adaptation
MUSTANGGT_KIT01_DAMAGE0_FRONT_T2_B,,autosculpt,needs adaptation
MUSTANGGT_KIT01_DAMAGE0_FRONT_T3_B,,autosculpt,needs adaptation
MUSTANGGT_KIT01_DAMAGE0_REARLEFT_B,,damage,needs adaptation
MUSTANGGT_KIT01_DAMAGE0_REARRIGHT_B,,damage,needs adaptation
MUSTANGGT_KIT01_DAMAGE0_REAR_B,,damage,needs adaptation
MUSTANGGT_KIT01_DAMAGE0_REAR_T0_B,,autosculpt,needs adaptation
MUSTANGGT_KIT01_DAMAGE0_REAR_T1_B,,autosculpt,needs adaptation
MUSTANGGT_KIT01_DAMAGE0_REAR_T2_B,,autosculpt,needs adaptation
MUSTANGGT_KIT01_DAMAGE0_REAR_T3_B,,autosculpt,needs adaptation
MUSTANGGT_KIT01_DAMAGE0_REAR_T4_B,,autosculpt,needs adaptation
MUSTANGGT_KIT01_FRONT_BUMPER_A,,standard,needs adaptation
MUSTANGGT_KIT01_FRONT_BUMPER_B,,standard,needs adaptation
MUSTANGGT_KIT01_FRONT_BUMPER_C,,standard,needs adaptation
MUSTANGGT_KIT01_FRONT_BUMPER_D,,standard,needs adaptation
MUSTANGGT_KIT01_FRONT_BUMPER_T0_A,,autosculpt,needs adaptation
MUSTANGGT_KIT01_FRONT_BUMPER_T0_B,,autosculpt,needs adaptation
MUSTANGGT_KIT01_FRONT_BUMPER_T0_C,,autosculpt,needs adaptation
MUSTANGGT_KIT01_FRONT_BUMPER_T0_D,,autosculpt,needs adaptation
MUSTANGGT_KIT01_FRONT_BUMPER_T1_A,,autosculpt,needs adaptation
MUSTANGGT_KIT01_FRONT_BUMPER_T1_B,,autosculpt,needs adaptation
MUSTANGGT_KIT01_FRONT_BUMPER_T1_C,,autosculpt,needs adaptation
MUSTANGGT_KIT01_FRONT_BUMPER_T1_D,,autosculpt,needs adaptation
MUSTANGGT_KIT01_FRONT_BUMPER_T2_A,,autosculpt,needs adaptation
MUSTANGGT_KIT01_FRONT_BUMPER_T2_B,,autosculpt,needs adaptation
MUSTANGGT_KIT01_FRONT_BUMPER_T2_C,,autosculpt,needs adaptation
MUSTANGGT_KIT01_FRONT_BUMPER_T2_D,,autosculpt,needs adaptation
MUSTANGGT_KIT01_FRONT_BUMPER_T3_A,,autosculpt,needs adaptation
MUSTANGGT_KIT01_FRONT_BUMPER_T3_B,,autosculpt,needs adaptation
MUSTANGGT_KIT01_FRONT_BUMPER_T3_C,,autosculpt,needs adaptation
MUSTANGGT_KIT01_FRONT_BUMPER_T3_D,,autosculpt,needs adaptation
MUSTANGGT_KIT01_REAR_BUMPER_A,,standard,needs adaptation
MUSTANGGT_KIT01_REAR_BUMPER_B,,standard,needs adaptation
MUSTANGGT_KIT01_REAR_BUMPER_C,,standard,needs adaptation
MUSTANGGT_KIT01_REAR_BUMPER_D,,standard,needs adaptation
MUSTANGGT_KIT01_REAR_BUMPER_T0_A,,autosculpt,needs adaptation
MUSTANGGT_KIT01_REAR_BUMPER_T0_B,,autosculpt,needs adaptation
MUSTANGGT_KIT01_REAR_BUMPER_T0_C,,autosculpt,needs adaptation
MUSTANGGT_KIT01_REAR_BUMPER_T0_D,,autosculpt,needs adaptation
MUSTANGGT_KIT01_REAR_BUMPER_T1_A,,autosculpt,needs adaptation
MUSTANGGT_KIT01_REAR_BUMPER_T1_B,,autosculpt,needs adaptation
MUSTANGGT_KIT01_REAR_BUMPER_T1_C,,autosculpt,needs adaptation
MUSTANGGT_KIT01_REAR_BUMPER_T1_D,,autosculpt,needs adaptation
MUSTANGGT_KIT01_REAR_BUMPER_T2_A,,autosculpt,needs adaptation
MUSTANGGT_KIT01_REAR_BUMPER_T2_B,,autosculpt,needs adaptation
MUSTANGGT_KIT01_REAR_BUMPER_T2_C,,autosculpt,needs adaptation
MUSTANGGT_KIT01_REAR_BUMPER_T2_D,,autosculpt,needs adaptation
MUSTANGGT_KIT01_REAR_BUMPER_T3_A,,autosculpt,needs adaptation
MUSTANGGT_KIT01_REAR_BUMPER_T3_B,,autosculpt,needs adaptation
MUSTANGGT_KIT01_REAR_BUMPER_T3_C,,autosculpt,needs adaptation
MUSTANGGT_KIT01_REAR_BUMPER_T3_D,,autosculpt,needs adaptation
MUSTANGGT_KIT01_REAR_BUMPER_T4_A,,autosculpt,needs adaptation
MUSTANGGT_KIT01_REAR_BUMPER_T4_B,,autosculpt,needs adaptation
MUSTANGGT_KIT01_REAR_BUMPER_T4_C,,autosculpt,needs adaptation
MUSTANGGT_KIT01_REAR_BUMPER_T4_D,,autosculpt,needs adaptation
MUSTANGGT_KIT01_SKIRT_A,,standard,needs adaptation
MUSTANGGT_KIT01_SKIRT_B,,standard,needs adaptation
MUSTANGGT_KIT01_SKIRT_C,,standard,needs adaptation
MUSTANGGT_KIT01_SKIRT_D,,standard,needs adaptation
MUSTANGGT_KIT01_SKIRT_T0_A,,autosculpt,needs adaptation
MUSTANGGT_KIT01_SKIRT_T0_B,,autosculpt,needs adaptation
MUSTANGGT_KIT01_SKIRT_T0_C,,autosculpt,needs adaptation
MUSTANGGT_KIT01_SKIRT_T0_D,,autosculpt,needs adaptation
MUSTANGGT_KIT01_SKIRT_T1_A,,autosculpt,needs adaptation
MUSTANGGT_KIT01_SKIRT_T1_B,,autosculpt,needs adaptation
MUSTANGGT_KIT01_SKIRT_T1_C,,autosculpt,needs adaptation
MUSTANGGT_KIT01_SKIRT_T1_D,,autosculpt,needs adaptation
MUSTANGGT_KIT01_SKIRT_T2_A,,autosculpt,needs adaptation
MUSTANGGT_KIT01_SKIRT_T2_B,,autosculpt,needs adaptation
MUSTANGGT_KIT01_SKIRT_T2_C,,autosculpt,needs adaptation
MUSTANGGT_KIT01_SKIRT_T2_D,,autosculpt,needs adaptation
MUSTANGGT_KIT03_DAMAGE0_FRONTLEFT_B,,damage,needs adaptation
MUSTANGGT_KIT03_DAMAGE0_FRONTRIGHT_B,,damage,needs adaptation
MUSTANGGT_KIT03_DAMAGE0_FRONT_B,,damage,needs adaptation
MUSTANGGT_KIT03_DAMAGE0_FRONT_T0_B,,autosculpt,needs adaptation
MUSTANGGT_KIT03_DAMAGE0_FRONT_T1_B,,autosculpt,needs adaptation
MUSTANGGT_KIT03_DAMAGE0_FRONT_T2_B,,autosculpt,needs adaptation
MUSTANGGT_KIT03_DAMAGE0_FRONT_T3_B,,autosculpt,needs adaptation
MUSTANGGT_KIT03_DAMAGE0_FRONT_T4_B,,autosculpt,needs adaptation
MUSTANGGT_KIT03_DAMAGE0_FRONT_T5_B,,autosculpt,needs adaptation
MUSTANGGT_KIT03_DAMAGE0_FRONT_T6_B,,autosculpt,needs adaptation
MUSTANGGT_KIT03_DAMAGE0_FRONT_T7_B,,autosculpt,needs adaptation
MUSTANGGT_KIT03_DAMAGE0_REARLEFT_B,,damage,needs adaptation
MUSTANGGT_KIT03_DAMAGE0_REARRIGHT_B,,damage,needs adaptation
MUSTANGGT_KIT03_DAMAGE0_REAR_B,,damage,needs adaptation
MUSTANGGT_KIT03_DAMAGE0_REAR_T0_B,,autosculpt,needs adaptation
MUSTANGGT_KIT03_DAMAGE0_REAR_T1_B,,autosculpt,needs adaptation
MUSTANGGT_KIT03_DAMAGE0_REAR_T2_B,,autosculpt,needs adaptation
MUSTANGGT_KIT03_DAMAGE0_REAR_T3_B,,autosculpt,needs adaptation
MUSTANGGT_KIT03_DAMAGE0_REAR_T4_B,,autosculpt,needs adaptation
MUSTANGGT_KIT03_DAMAGE0_REAR_T5_B,,autosculpt,needs adaptation
MUSTANGGT_KIT03_FRONT_BUMPER_A,,standard,needs adaptation
MUSTANGGT_KIT03_FRONT_BUMPER_B,,standard,needs adaptation
MUSTANGGT_KIT03_FRONT_BUMPER_C,,standard,needs adaptation
MUSTANGGT_KIT03_FRONT_BUMPER_D,,standard,needs adaptation
MUSTANGGT_KIT03_FRONT_BUMPER_T0_A,,autosculpt,needs adaptation
MUSTANGGT_KIT03_FRONT_BUMPER_T0_B,,autosculpt,needs adaptation
MUSTANGGT_KIT03_FRONT_BUMPER_T0_C,,autosculpt,needs adaptation
MUSTANGGT_KIT03_FRONT_BUMPER_T0_D,,autosculpt,needs adaptation
MUSTANGGT_KIT03_FRONT_BUMPER_T1_A,,autosculpt,needs adaptation
MUSTANGGT_KIT03_FRONT_BUMPER_T1_B,,autosculpt,needs adaptation
MUSTANGGT_KIT03_FRONT_BUMPER_T1_C,,autosculpt,needs adaptation
MUSTANGGT_KIT03_FRONT_BUMPER_T1_D,,autosculpt,needs adaptation
MUSTANGGT_KIT03_FRONT_BUMPER_T2_A,,autosculpt,needs adaptation
MUSTANGGT_KIT03_FRONT_BUMPER_T2_B,,autosculpt,needs adaptation
MUSTANGGT_KIT03_FRONT_BUMPER_T2_C,,autosculpt,needs adaptation
MUSTANGGT_KIT03_FRONT_BUMPER_T2_D,,autosculpt,needs adaptation
MUSTANGGT_KIT03_FRONT_BUMPER_T3_A,,autosculpt,needs adaptation
MUSTANGGT_KIT03_FRONT_BUMPER_T3_B,,autosculpt,needs adaptation
MUSTANGGT_KIT03_FRONT_BUMPER_T3_C,,autosculpt,needs adaptation
MUSTANGGT_KIT03_FRONT_BUMPER_T3_D,,autosculpt,needs adaptation
MUSTANGGT_KIT03_FRONT_BUMPER_T4_A,,autosculpt,needs adaptation
MUSTANGGT_KIT03_FRONT_BUMPER_T4_B,,autosculpt,needs adaptation
MUSTANGGT_KIT03_FRONT_BUMPER_T4_C,,autosculpt,needs adaptation
MUSTANGGT_KIT03_FRONT_BUMPER_T4_D,,autosculpt,needs adaptation
MUSTANGGT_KIT03_FRONT_BUMPER_T5_A,,autosculpt,needs adaptation
MUSTANGGT_KIT03_FRONT_BUMPER_T5_B,,autosculpt,needs adaptation
MUSTANGGT_KIT03_FRONT_BUMPER_T5_C,,autosculpt,needs adaptation
MUSTANGGT_KIT03_FRONT_BUMPER_T5_D,,autosculpt,needs adaptation
MUSTANGGT_KIT03_FRONT_BUMPER_T6_A,,autosculpt,needs adaptation
MUSTANGGT_KIT03_FRONT_BUMPER_T6_B,,autosculpt,needs adaptation
MUSTANGGT_KIT03_FRONT_BUMPER_T6_C,,autosculpt,needs adaptation
MUSTANGGT_KIT03_FRONT_BUMPER_T6_D,,autosculpt,needs adaptation
MUSTANGGT_KIT03_FRONT_BUMPER_T7_A,,autosculpt,needs adaptation
MUSTANGGT_KIT03_FRONT_BUMPER_T7_B,,autosculpt,needs adaptation
MUSTANGGT_KIT03_FRONT_BUMPER_T7_C,,autosculpt,needs adaptation
MUSTANGGT_KIT03_FRONT_BUMPER_T7_D,,autosculpt,needs adaptation
MUSTANGGT_KIT03_REAR_BUMPER_A,,standard,needs adaptation
MUSTANGGT_KIT03_REAR_BUMPER_B,,standard,needs adaptation
MUSTANGGT_KIT03_REAR_BUMPER_C,,standard,needs adaptation
MUSTANGGT_KIT03_REAR_BUMPER_D,,standard,needs adaptation
MUSTANGGT_KIT03_REAR_BUMPER_T0_A,,autosculpt,needs adaptation
MUSTANGGT_KIT03_REAR_BUMPER_T0_B,,autosculpt,needs adaptation
MUSTANGGT_KIT03_REAR_BUMPER_T0_C,,autosculpt,needs adaptation
MUSTANGGT_KIT03_REAR_BUMPER_T0_D,,autosculpt,needs adaptation
MUSTANGGT_KIT03_REAR_BUMPER_T1_A,,autosculpt,needs adaptation
MUSTANGGT_KIT03_REAR_BUMPER_T1_B,,autosculpt,needs adaptation
MUSTANGGT_KIT03_REAR_BUMPER_T1_C,,autosculpt,needs adaptation
MUSTANGGT_KIT03_REAR_BUMPER_T1_D,,autosculpt,needs adaptation
MUSTANGGT_KIT03_REAR_BUMPER_T2_A,,autosculpt,needs adaptation
MUSTANGGT_KIT03_REAR_BUMPER_T2_B,,autosculpt,needs adaptation
MUSTANGGT_KIT03_REAR_BUMPER_T2_C,,autosculpt,needs adaptation
MUSTANGGT_KIT03_REAR_BUMPER_T2_D,,autosculpt,needs adaptation
MUSTANGGT_KIT03_REAR_BUMPER_T3_A,,autosculpt,needs adaptation
MUSTANGGT_KIT03_REAR_BUMPER_T3_B,,autosculpt,needs adaptation
MUSTANGGT_KIT03_REAR_BUMPER_T3_C,,autosculpt,needs adaptation
MUSTANGGT_KIT03_REAR_BUMPER_T3_D,,autosculpt,needs adaptation
MUSTANGGT_KIT03_REAR_BUMPER_T4_A,,autosculpt,needs adaptation
MUSTANGGT_KIT03_REAR_BUMPER_T4_B,,autosculpt,needs adaptation
MUSTANGGT_KIT03_REAR_BUMPER_T4_C,,autosculpt,needs adaptation
MUSTANGGT_KIT03_REAR_BUMPER_T4_D,,autosculpt,needs adaptation
MUSTANGGT_KIT03_REAR_BUMPER_T5_A,,autosculpt,needs adaptation
MUSTANGGT_KIT03_REAR_BUMPER_T5_B,,autosculpt,needs adaptation
MUSTANGGT_KIT03_REAR_BUMPER_T5_C,,autosculpt,needs adaptation
MUSTANGGT_KIT03_REAR_BUMPER_T5_D,,autosculpt,needs adaptation
MUSTANGGT_KIT03_REAR_BUMPER_T6_A,,autosculpt,needs adaptation
MUSTANGGT_KIT03_REAR_BUMPER_T6_B,,autosculpt,needs adaptation
MUSTANGGT_KIT03_REAR_BUMPER_T6_C,,autosculpt,needs adaptation
MUSTANGGT_KIT03_REAR_BUMPER_T6_D,,autosculpt,needs adaptation
MUSTANGGT_KIT03_SKIRT_A,,standard,needs adaptation
MUSTANGGT_KIT03_SKIRT_B,,standard,needs adaptation
MUSTANGGT_KIT03_SKIRT_C,,standard,needs adaptation
MUSTANGGT_KIT03_SKIRT_D,,standard,needs adaptation
MUSTANGGT_KIT03_SKIRT_T0_A,,autosculpt,needs adaptation
MUSTANGGT_KIT03_SKIRT_T0_B,,autosculpt,needs adaptation
MUSTANGGT_KIT03_SKIRT_T0_C,,autosculpt,needs adaptation
MUSTANGGT_KIT03_SKIRT_T0_D,,autosculpt,needs adaptation
MUSTANGGT_KIT03_SKIRT_T1_A,,autosculpt,needs adaptation
MUSTANGGT_KIT03_SKIRT_T1_B,,autosculpt,needs adaptation
MUSTANGGT_KIT03_SKIRT_T1_C,,autosculpt,needs adaptation
MUSTANGGT_KIT03_SKIRT_T1_D,,autosculpt,needs adaptation
MUSTANGGT_KIT03_SKIRT_T2_A,,autosculpt,needs adaptation
MUSTANGGT_KIT03_SKIRT_T2_B,,autosculpt,needs adaptation
MUSTANGGT_KIT03_SKIRT_T2_C,,autosculpt,needs adaptation
MUSTANGGT_KIT03_SKIRT_T2_D,,autosculpt,needs adaptation
MUSTANGGT_KIT03_SKIRT_T3_A,,autosculpt,needs adaptation
MUSTANGGT_KIT03_SKIRT_T3_B,,autosculpt,needs adaptation
MUSTANGGT_KIT03_SKIRT_T3_C,,autosculpt,needs adaptation
MUSTANGGT_KIT03_SKIRT_T3_D,,autosculpt,needs adaptation
MUSTANGGT_KIT04_DAMAGE0_FRONTLEFT_B,,damage,needs adaptation
MUSTANGGT_KIT04_DAMAGE0_FRONTRIGHT_B,,damage,needs adaptation
MUSTANGGT_KIT04_DAMAGE0_FRONT_B,,damage,needs adaptation
MUSTANGGT_KIT04_DAMAGE0_FRONT_T0_B,,autosculpt,needs adaptation
MUSTANGGT_KIT04_DAMAGE0_FRONT_T1_B,,autosculpt,needs adaptation
MUSTANGGT_KIT04_DAMAGE0_FRONT_T2_B,,autosculpt,needs adaptation
MUSTANGGT_KIT04_DAMAGE0_FRONT_T3_B,,autosculpt,needs adaptation
MUSTANGGT_KIT04_DAMAGE0_FRONT_T4_B,,autosculpt,needs adaptation
MUSTANGGT_KIT04_DAMAGE0_FRONT_T5_B,,autosculpt,needs adaptation
MUSTANGGT_KIT04_DAMAGE0_FRONT_T6_B,,autosculpt,needs adaptation
MUSTANGGT_KIT04_DAMAGE0_REARLEFT_B,,damage,needs adaptation
MUSTANGGT_KIT04_DAMAGE0_REARRIGHT_B,,damage,needs adaptation
MUSTANGGT_KIT04_DAMAGE0_REAR_B,,damage,needs adaptation
MUSTANGGT_KIT04_DAMAGE0_REAR_T0_B,,autosculpt,needs adaptation
MUSTANGGT_KIT04_DAMAGE0_REAR_T1_B,,autosculpt,needs adaptation
MUSTANGGT_KIT04_DAMAGE0_REAR_T2_B,,autosculpt,needs adaptation
MUSTANGGT_KIT04_DAMAGE0_REAR_T3_B,,autosculpt,needs adaptation
MUSTANGGT_KIT04_DAMAGE0_REAR_T4_B,,autosculpt,needs adaptation
MUSTANGGT_KIT04_DAMAGE0_REAR_T5_B,,autosculpt,needs adaptation
MUSTANGGT_KIT04_FRONT_BUMPER_A,,standard,needs adaptation
MUSTANGGT_KIT04_FRONT_BUMPER_B,,standard,needs adaptation
MUSTANGGT_KIT04_FRONT_BUMPER_C,,standard,needs adaptation
MUSTANGGT_KIT04_FRONT_BUMPER_D,,standard,needs adaptation
MUSTANGGT_KIT04_FRONT_BUMPER_T0_A,,autosculpt,needs adaptation
MUSTANGGT_KIT04_FRONT_BUMPER_T0_B,,autosculpt,needs adaptation
MUSTANGGT_KIT04_FRONT_BUMPER_T0_C,,autosculpt,needs adaptation
MUSTANGGT_KIT04_FRONT_BUMPER_T0_D,,autosculpt,needs adaptation
MUSTANGGT_KIT04_FRONT_BUMPER_T1_A,,autosculpt,needs adaptation
MUSTANGGT_KIT04_FRONT_BUMPER_T1_B,,autosculpt,needs adaptation
MUSTANGGT_KIT04_FRONT_BUMPER_T1_C,,autosculpt,needs adaptation
MUSTANGGT_KIT04_FRONT_BUMPER_T1_D,,autosculpt,needs adaptation
MUSTANGGT_KIT04_FRONT_BUMPER_T2_A,,autosculpt,needs adaptation
MUSTANGGT_KIT04_FRONT_BUMPER_T2_B,,autosculpt,needs adaptation
MUSTANGGT_KIT04_FRONT_BUMPER_T2_C,,autosculpt,needs adaptation
MUSTANGGT_KIT04_FRONT_BUMPER_T2_D,,autosculpt,needs adaptation
MUSTANGGT_KIT04_FRONT_BUMPER_T3_A,,autosculpt,needs adaptation
MUSTANGGT_KIT04_FRONT_BUMPER_T3_B,,autosculpt,needs adaptation
MUSTANGGT_KIT04_FRONT_BUMPER_T3_C,,autosculpt,needs adaptation
MUSTANGGT_KIT04_FRONT_BUMPER_T3_D,,autosculpt,needs adaptation
MUSTANGGT_KIT04_FRONT_BUMPER_T4_A,,autosculpt,needs adaptation
MUSTANGGT_KIT04_FRONT_BUMPER_T4_B,,autosculpt,needs adaptation
MUSTANGGT_KIT04_FRONT_BUMPER_T4_C,,autosculpt,needs adaptation
MUSTANGGT_KIT04_FRONT_BUMPER_T4_D,,autosculpt,needs adaptation
MUSTANGGT_KIT04_FRONT_BUMPER_T5_A,,autosculpt,needs adaptation
MUSTANGGT_KIT04_FRONT_BUMPER_T5_B,,autosculpt,needs adaptation
MUSTANGGT_KIT04_FRONT_BUMPER_T5_C,,autosculpt,needs adaptation
MUSTANGGT_KIT04_FRONT_BUMPER_T5_D,,autosculpt,needs adaptation
MUSTANGGT_KIT04_FRONT_BUMPER_T6_A,,autosculpt,needs adaptation
MUSTANGGT_KIT04_FRONT_BUMPER_T6_B,,autosculpt,needs adaptation
MUSTANGGT_KIT04_FRONT_BUMPER_T6_C,,autosculpt,needs adaptation
MUSTANGGT_KIT04_FRONT_BUMPER_T6_D,,autosculpt,needs adaptation
MUSTANGGT_KIT04_REAR_BUMPER_A,,standard,needs adaptation
MUSTANGGT_KIT04_REAR_BUMPER_B,,standard,needs adaptation
MUSTANGGT_KIT04_REAR_BUMPER_C,,standard,needs adaptation
MUSTANGGT_KIT04_REAR_BUMPER_D,,standard,needs adaptation
MUSTANGGT_KIT04_REAR_BUMPER_T0_A,,autosculpt,needs adaptation
MUSTANGGT_KIT04_REAR_BUMPER_T0_B,,autosculpt,needs adaptation
MUSTANGGT_KIT04_REAR_BUMPER_T0_C,,autosculpt,needs adaptation
MUSTANGGT_KIT04_REAR_BUMPER_T0_D,,autosculpt,needs adaptation
MUSTANGGT_KIT04_REAR_BUMPER_T1_A,,autosculpt,needs adaptation
MUSTANGGT_KIT04_REAR_BUMPER_T1_B,,autosculpt,needs adaptation
MUSTANGGT_KIT04_REAR_BUMPER_T1_C,,autosculpt,needs adaptation
MUSTANGGT_KIT04_REAR_BUMPER_T1_D,,autosculpt,needs adaptation
MUSTANGGT_KIT04_REAR_BUMPER_T2_A,,autosculpt,needs adaptation
MUSTANGGT_KIT04_REAR_BUMPER_T2_B,,autosculpt,needs adaptation
MUSTANGGT_KIT04_REAR_BUMPER_T2_C,,autosculpt,needs adaptation
MUSTANGGT_KIT04_REAR_BUMPER_T2_D,,autosculpt,needs adaptation
MUSTANGGT_KIT04_REAR_BUMPER_T3_A,,autosculpt,needs adaptation
MUSTANGGT_KIT04_REAR_BUMPER_T3_B,,autosculpt,needs adaptation
MUSTANGGT_KIT04_REAR_BUMPER_T3_C,,autosculpt,needs adaptation
MUSTANGGT_KIT04_REAR_BUMPER_T3_D,,autosculpt,needs adaptation
MUSTANGGT_KIT04_REAR_BUMPER_T4_A,,autosculpt,needs adaptation
MUSTANGGT_KIT04_REAR_BUMPER_T4_B,,autosculpt,needs adaptation
MUSTANGGT_KIT04_REAR_BUMPER_T4_C,,autosculpt,needs adaptation
MUSTANGGT_KIT04_REAR_BUMPER_T4_D,,autosculpt,needs adaptation
MUSTANGGT_KIT04_REAR_BUMPER_T5_A,,autosculpt,needs adaptation
MUSTANGGT_KIT04_REAR_BUMPER_T5_B,,autosculpt,needs adaptation
MUSTANGGT_KIT04_REAR_BUMPER_T5_C,,autosculpt,needs adaptation
MUSTANGGT_KIT04_REAR_BUMPER_T5_D,,autosculpt,needs adaptation
MUSTANGGT_KIT04_REAR_BUMPER_T6_A,,autosculpt,needs adaptation
MUSTANGGT_KIT04_REAR_BUMPER_T6_B,,autosculpt,needs adaptation
MUSTANGGT_KIT04_REAR_BUMPER_T6_C,,autosculpt,needs adaptation
MUSTANGGT_KIT04_REAR_BUMPER_T6_D,,autosculpt,needs adaptation
MUSTANGGT_KIT04_SKIRT_A,,standard,needs adaptation
MUSTANGGT_KIT04_SKIRT_B,,standard,needs adaptation
MUSTANGGT_KIT04_SKIRT_C,,standard,needs adaptation
MUSTANGGT_KIT04_SKIRT_D,,standard,needs adaptation
MUSTANGGT_KIT04_SKIRT_T0_A,,autosculpt,needs adaptation
MUSTANGGT_KIT04_SKIRT_T0_B,,autosculpt,needs adaptation
MUSTANGGT_KIT04_SKIRT_T0_C,,autosculpt,needs adaptation
MUSTANGGT_KIT04_SKIRT_T0_D,,autosculpt,needs adaptation
MUSTANGGT_KIT04_SKIRT_T1_A,,autosculpt,needs adaptation
MUSTANGGT_KIT04_SKIRT_T1_B,,autosculpt,needs adaptation
MUSTANGGT_KIT04_SKIRT_T1_C,,autosculpt,needs adaptation
MUSTANGGT_KIT04_SKIRT_T1_D,,autosculpt,needs adaptation
MUSTANGGT_KIT04_SKIRT_T2_A,,autosculpt,needs adaptation
MUSTANGGT_KIT04_SKIRT_T2_B,,autosculpt,needs adaptation
MUSTANGGT_KIT04_SKIRT_T2_C,,autosculpt,needs adaptation
MUSTANGGT_KIT04_SKIRT_T2_D,,autosculpt,needs adaptation
MUSTANGGT_KIT04_SKIRT_T3_A,,autosculpt,needs adaptation
MUSTANGGT_KIT04_SKIRT_T3_B,,autosculpt,needs adaptation
MUSTANGGT_KIT04_SKIRT_T3_C,,autosculpt,needs adaptation
MUSTANGGT_KIT04_SKIRT_T3_D,,autosculpt,needs adaptation
MUSTANGGT_KIT05_DAMAGE0_FRONTLEFT_B,,damage,needs adaptation
MUSTANGGT_KIT05_DAMAGE0_FRONTRIGHT_B,,damage,needs adaptation
MUSTANGGT_KIT05_DAMAGE0_FRONT_B,,damage,needs adaptation
MUSTANGGT_KIT05_DAMAGE0_FRONT_T0_B,,autosculpt,needs adaptation
MUSTANGGT_KIT05_DAMAGE0_FRONT_T1_B,,autosculpt,needs adaptation
MUSTANGGT_KIT05_DAMAGE0_FRONT_T2_B,,autosculpt,needs adaptation
MUSTANGGT_KIT05_DAMAGE0_FRONT_T3_B,,autosculpt,needs adaptation
MUSTANGGT_KIT05_DAMAGE0_FRONT_T4_B,,autosculpt,needs adaptation
MUSTANGGT_KIT05_DAMAGE0_FRONT_T5_B,,autosculpt,needs adaptation
MUSTANGGT_KIT05_DAMAGE0_REARLEFT_B,,damage,needs adaptation
MUSTANGGT_KIT05_DAMAGE0_REARRIGHT_B,,damage,needs adaptation
MUSTANGGT_KIT05_DAMAGE0_REAR_B,,damage,needs adaptation
MUSTANGGT_KIT05_DAMAGE0_REAR_T0_B,,autosculpt,needs adaptation
MUSTANGGT_KIT05_DAMAGE0_REAR_T1_B,,autosculpt,needs adaptation
MUSTANGGT_KIT05_DAMAGE0_REAR_T2_B,,autosculpt,needs adaptation
MUSTANGGT_KIT05_DAMAGE0_REAR_T3_B,,autosculpt,needs adaptation
MUSTANGGT_KIT05_DAMAGE0_REAR_T4_B,,autosculpt,needs adaptation
MUSTANGGT_KIT05_DAMAGE0_REAR_T5_B,,autosculpt,needs adaptation
MUSTANGGT_KIT05_FRONT_BUMPER_A,,standard,needs adaptation
MUSTANGGT_KIT05_FRONT_BUMPER_B,,standard,needs adaptation
MUSTANGGT_KIT05_FRONT_BUMPER_C,,standard,needs adaptation
MUSTANGGT_KIT05_FRONT_BUMPER_D,,standard,needs adaptation
MUSTANGGT_KIT05_FRONT_BUMPER_T0_A,,autosculpt,needs adaptation
MUSTANGGT_KIT05_FRONT_BUMPER_T0_B,,autosculpt,needs adaptation
MUSTANGGT_KIT05_FRONT_BUMPER_T0_C,,autosculpt,needs adaptation
MUSTANGGT_KIT05_FRONT_BUMPER_T0_D,,autosculpt,needs adaptation
MUSTANGGT_KIT05_FRONT_BUMPER_T1_A,,autosculpt,needs adaptation
MUSTANGGT_KIT05_FRONT_BUMPER_T1_B,,autosculpt,needs adaptation
MUSTANGGT_KIT05_FRONT_BUMPER_T1_C,,autosculpt,needs adaptation
MUSTANGGT_KIT05_FRONT_BUMPER_T1_D,,autosculpt,needs adaptation
MUSTANGGT_KIT05_FRONT_BUMPER_T2_A,,autosculpt,needs adaptation
MUSTANGGT_KIT05_FRONT_BUMPER_T2_B,,autosculpt,needs adaptation
MUSTANGGT_KIT05_FRONT_BUMPER_T2_C,,autosculpt,needs adaptation
MUSTANGGT_KIT05_FRONT_BUMPER_T2_D,,autosculpt,needs adaptation
MUSTANGGT_KIT05_FRONT_BUMPER_T3_A,,autosculpt,needs adaptation
MUSTANGGT_KIT05_FRONT_BUMPER_T3_B,,autosculpt,needs adaptation
MUSTANGGT_KIT05_FRONT_BUMPER_T3_C,,autosculpt,needs adaptation
MUSTANGGT_KIT05_FRONT_BUMPER_T3_D,,autosculpt,needs adaptation
MUSTANGGT_KIT05_FRONT_BUMPER_T4_A,,autosculpt,needs adaptation
MUSTANGGT_KIT05_FRONT_BUMPER_T4_B,,autosculpt,needs adaptation
MUSTANGGT_KIT05_FRONT_BUMPER_T4_C,,autosculpt,needs adaptation
MUSTANGGT_KIT05_FRONT_BUMPER_T4_D,,autosculpt,needs adaptation
MUSTANGGT_KIT05_FRONT_BUMPER_T5_A,,autosculpt,needs adaptation
MUSTANGGT_KIT05_FRONT_BUMPER_T5_B,,autosculpt,needs adaptation
MUSTANGGT_KIT05_FRONT_BUMPER_T5_C,,autosculpt,needs adaptation
MUSTANGGT_KIT05_FRONT_BUMPER_T5_D,,autosculpt,needs adaptation
MUSTANGGT_KIT05_REAR_BUMPER_A,,standard,needs adaptation
MUSTANGGT_KIT05_REAR_BUMPER_B,,standard,needs adaptation
MUSTANGGT_KIT05_REAR_BUMPER_C,,standard,needs adaptation
MUSTANGGT_KIT05_REAR_BUMPER_D,,standard,needs adaptation
MUSTANGGT_KIT05_REAR_BUMPER_T0_A,,autosculpt,needs adaptation
MUSTANGGT_KIT05_REAR_BUMPER_T0_B,,autosculpt,needs adaptation
MUSTANGGT_KIT05_REAR_BUMPER_T0_C,,autosculpt,needs adaptation
MUSTANGGT_KIT05_REAR_BUMPER_T0_D,,autosculpt,needs adaptation
MUSTANGGT_KIT05_REAR_BUMPER_T1_A,,autosculpt,needs adaptation
MUSTANGGT_KIT05_REAR_BUMPER_T1_B,,autosculpt,needs adaptation
MUSTANGGT_KIT05_REAR_BUMPER_T1_C,,autosculpt,needs adaptation
MUSTANGGT_KIT05_REAR_BUMPER_T1_D,,autosculpt,needs adaptation
MUSTANGGT_KIT05_REAR_BUMPER_T2_A,,autosculpt,needs adaptation
MUSTANGGT_KIT05_REAR_BUMPER_T2_B,,autosculpt,needs adaptation
MUSTANGGT_KIT05_REAR_BUMPER_T2_C,,autosculpt,needs adaptation
MUSTANGGT_KIT05_REAR_BUMPER_T2_D,,autosculpt,needs adaptation
MUSTANGGT_KIT05_REAR_BUMPER_T3_A,,autosculpt,needs adaptation
MUSTANGGT_KIT05_REAR_BUMPER_T3_B,,autosculpt,needs adaptation
MUSTANGGT_KIT05_REAR_BUMPER_T3_C,,autosculpt,needs adaptation
MUSTANGGT_KIT05_REAR_BUMPER_T3_D,,autosculpt,needs adaptation
MUSTANGGT_KIT05_REAR_BUMPER_T4_A,,autosculpt,needs adaptation
MUSTANGGT_KIT05_REAR_BUMPER_T4_B,,autosculpt,needs adaptation
MUSTANGGT_KIT05_REAR_BUMPER_T4_C,,autosculpt,needs adaptation
MUSTANGGT_KIT05_REAR_BUMPER_T4_D,,autosculpt,needs adaptation
MUSTANGGT_KIT05_REAR_BUMPER_T5_A,,autosculpt,needs adaptation
MUSTANGGT_KIT05_REAR_BUMPER_T5_B,,autosculpt,needs adaptation
MUSTANGGT_KIT05_REAR_BUMPER_T5_C,,autosculpt,needs adaptation
MUSTANGGT_KIT05_REAR_BUMPER_T5_D,,autosculpt,needs adaptation
MUSTANGGT_KIT05_REAR_BUMPER_T6_A,,autosculpt,needs adaptation
MUSTANGGT_KIT05_REAR_BUMPER_T6_B,,autosculpt,needs adaptation
MUSTANGGT_KIT05_REAR_BUMPER_T6_C,,autosculpt,needs adaptation
MUSTANGGT_KIT05_REAR_BUMPER_T6_D,,autosculpt,needs adaptation
MUSTANGGT_KIT05_SKIRT_A,,standard,needs adaptation
MUSTANGGT_KIT05_SKIRT_B,,standard,needs adaptation
MUSTANGGT_KIT05_SKIRT_C,,standard,needs adaptation
MUSTANGGT_KIT05_SKIRT_D,,standard,needs adaptation
MUSTANGGT_KIT05_SKIRT_T0_A,,autosculpt,needs adaptation
MUSTANGGT_KIT05_SKIRT_T0_B,,autosculpt,needs adaptation
MUSTANGGT_KIT05_SKIRT_T0_C,,autosculpt,needs adaptation
MUSTANGGT_KIT05_SKIRT_T0_D,,autosculpt,needs adaptation
MUSTANGGT_KIT05_SKIRT_T1_A,,autosculpt,needs adaptation
MUSTANGGT_KIT05_SKIRT_T1_B,,autosculpt,needs adaptation
MUSTANGGT_KIT05_SKIRT_T1_C,,autosculpt,needs adaptation
MUSTANGGT_KIT05_SKIRT_T1_D,,autosculpt,needs adaptation
MUSTANGGT_KIT05_SKIRT_T2_A,,autosculpt,needs adaptation
MUSTANGGT_KIT05_SKIRT_T2_B,,autosculpt,needs adaptation
MUSTANGGT_KIT05_SKIRT_T2_C,,autosculpt,needs adaptation
MUSTANGGT_KIT05_SKIRT_T2_D,,autosculpt,needs adaptation
MUSTANGGT_KIT05_SKIRT_T3_A,,autosculpt,needs adaptation
MUSTANGGT_KIT05_SKIRT_T3_B,,autosculpt,needs adaptation
MUSTANGGT_KIT05_SKIRT_T3_C,,autosculpt,needs adaptation
MUSTANGGT_KIT05_SKIRT_T3_D,,autosculpt,needs adaptation
MUSTANGGT_KITW02_BODY_A,,standard,needs adaptation
MUSTANGGT_KITW02_BODY_B,,standard,needs adaptation
MUSTANGGT_KITW02_BODY_C,,standard,needs adaptation
MUSTANGGT_KITW02_BODY_D,,standard,needs adaptation
MUSTANGGT_KITW02_BODY_E,,standard,needs adaptation
MUSTANGGT_KITW02_DAMAGE0_FRONTLEFT_A,,damage,needs adaptation
MUSTANGGT_KITW02_DAMAGE0_FRONTLEFT_B,,damage,needs adaptation
MUSTANGGT_KITW02_DAMAGE0_FRONTLEFT_C,,damage,needs adaptation
MUSTANGGT_KITW02_DAMAGE0_FRONTRIGHT_A,,damage,needs adaptation
MUSTANGGT_KITW02_DAMAGE0_FRONTRIGHT_B,,damage,needs adaptation
MUSTANGGT_KITW02_DAMAGE0_FRONTRIGHT_C,,damage,needs adaptation
MUSTANGGT_KITW02_DAMAGE0_FRONT_A,,damage,needs adaptation
MUSTANGGT_KITW02_DAMAGE0_FRONT_B,,damage,needs adaptation
MUSTANGGT_KITW02_DAMAGE0_FRONT_C,,damage,needs adaptation
MUSTANGGT_KITW02_DAMAGE0_REARLEFT_A,,damage,needs adaptation
MUSTANGGT_KITW02_DAMAGE0_REARLEFT_B,,damage,needs adaptation
MUSTANGGT_KITW02_DAMAGE0_REARLEFT_C,,damage,needs adaptation
MUSTANGGT_KITW02_DAMAGE0_REARRIGHT_A,,damage,needs adaptation
MUSTANGGT_KITW02_DAMAGE0_REARRIGHT_B,,damage,needs adaptation
MUSTANGGT_KITW02_DAMAGE0_REARRIGHT_C,,damage,needs adaptation
MUSTANGGT_KITW02_DAMAGE0_REAR_A,,damage,needs adaptation
MUSTANGGT_KITW02_DAMAGE0_REAR_B,,damage,needs adaptation
MUSTANGGT_KITW02_DAMAGE0_REAR_C,,damage,needs adaptation
MUSTANGGT_KITW02_DOOR_LEFT_A,,standard,needs adaptation
MUSTANGGT_KITW02_DOOR_LEFT_B,,standard,needs adaptation
MUSTANGGT_KITW02_DOOR_LEFT_T0_A,,autosculpt,needs adaptation
MUSTANGGT_KITW02_DOOR_LEFT_T0_B,,autosculpt,needs adaptation
MUSTANGGT_KITW02_DOOR_LEFT_T1_A,,autosculpt,needs adaptation
MUSTANGGT_KITW02_DOOR_LEFT_T1_B,,autosculpt,needs adaptation
MUSTANGGT_KITW02_DOOR_RIGHT_A,,standard,needs adaptation
MUSTANGGT_KITW02_DOOR_RIGHT_B,,standard,needs adaptation
MUSTANGGT_KITW02_DOOR_RIGHT_T0_A,,autosculpt,needs adaptation
MUSTANGGT_KITW02_DOOR_RIGHT_T0_B,,autosculpt,needs adaptation
MUSTANGGT_KITW02_DOOR_RIGHT_T1_A,,autosculpt,needs adaptation
MUSTANGGT_KITW02_DOOR_RIGHT_T1_B,,autosculpt,needs adaptation
MUSTANGGT_KITW03_BODY_A,,standard,needs adaptation
MUSTANGGT_KITW03_BODY_B,,standard,needs adaptation
MUSTANGGT_KITW03_BODY_C,,standard,needs adaptation
MUSTANGGT_KITW03_BODY_D,,standard,needs adaptation
MUSTANGGT_KITW03_BODY_E,,standard,needs adaptation
MUSTANGGT_KITW03_DAMAGE0_FRONTLEFT_A,,damage,needs adaptation
MUSTANGGT_KITW03_DAMAGE0_FRONTLEFT_B,,damage,needs adaptation
MUSTANGGT_KITW03_DAMAGE0_FRONTLEFT_C,,damage,needs adaptation
MUSTANGGT_KITW03_DAMAGE0_FRONTRIGHT_A,,damage,needs adaptation
MUSTANGGT_KITW03_DAMAGE0_FRONTRIGHT_B,,damage,needs adaptation
MUSTANGGT_KITW03_DAMAGE0_FRONTRIGHT_C,,damage,needs adaptation
MUSTANGGT_KITW03_DAMAGE0_FRONT_A,,damage,needs adaptation
MUSTANGGT_KITW03_DAMAGE0_FRONT_B,,damage,needs adaptation
MUSTANGGT_KITW03_DAMAGE0_FRONT_C,,damage,needs adaptation
MUSTANGGT_KITW03_DAMAGE0_REARLEFT_A,,damage,needs adaptation
MUSTANGGT_KITW03_DAMAGE0_REARLEFT_B,,damage,needs adaptation
MUSTANGGT_KITW03_DAMAGE0_REARLEFT_C,,damage,needs adaptation
MUSTANGGT_KITW03_DAMAGE0_REARRIGHT_A,,damage,needs adaptation
MUSTANGGT_KITW03_DAMAGE0_REARRIGHT_B,,damage,needs adaptation
MUSTANGGT_KITW03_DAMAGE0_REARRIGHT_C,,damage,needs adaptation
MUSTANGGT_KITW03_DAMAGE0_REAR_A,,damage,needs adaptation
MUSTANGGT_KITW03_DAMAGE0_REAR_B,,damage,needs adaptation
MUSTANGGT_KITW03_DAMAGE0_REAR_C,,damage,needs adaptation
MUSTANGGT_KITW03_DOOR_LEFT_A,,standard,needs adaptation
MUSTANGGT_KITW03_DOOR_LEFT_B,,standard,needs adaptation
MUSTANGGT_KITW03_DOOR_LEFT_T0_A,,autosculpt,needs adaptation
MUSTANGGT_KITW03_DOOR_LEFT_T0_B,,autosculpt,needs adaptation
MUSTANGGT_KITW03_DOOR_LEFT_T1_A,,autosculpt,needs adaptation
MUSTANGGT_KITW03_DOOR_LEFT_T1_B,,autosculpt,needs adaptation
MUSTANGGT_KITW03_DOOR_RIGHT_A,,standard,needs adaptation
MUSTANGGT_KITW03_DOOR_RIGHT_B,,standard,needs adaptation
MUSTANGGT_KITW03_DOOR_RIGHT_T0_A,,autosculpt,needs adaptation
MUSTANGGT_KITW03_DOOR_RIGHT_T0_B,,autosculpt,needs adaptation
MUSTANGGT_KITW03_DOOR_RIGHT_T1_A,,autosculpt,needs adaptation
MUSTANGGT_KITW03_DOOR_RIGHT_T1_B,,autosculpt,needs adaptation
MUSTANGGT_KITW04_BODY_A,,standard,needs adaptation
MUSTANGGT_KITW04_BODY_B,,standard,needs adaptation
MUSTANGGT_KITW04_BODY_C,,standard,needs adaptation
MUSTANGGT_KITW04_BODY_D,,standard,needs adaptation
MUSTANGGT_KITW04_BODY_E,,standard,needs adaptation
MUSTANGGT_KITW04_DAMAGE0_FRONTLEFT_A,,damage,needs adaptation
MUSTANGGT_KITW04_DAMAGE0_FRONTLEFT_B,,damage,needs adaptation
MUSTANGGT_KITW04_DAMAGE0_FRONTLEFT_C,,damage,needs adaptation
MUSTANGGT_KITW04_DAMAGE0_FRONTRIGHT_A,,damage,needs adaptation
MUSTANGGT_KITW04_DAMAGE0_FRONTRIGHT_B,,damage,needs adaptation
MUSTANGGT_KITW04_DAMAGE0_FRONTRIGHT_C,,damage,needs adaptation
MUSTANGGT_KITW04_DAMAGE0_FRONT_A,,damage,needs adaptation
MUSTANGGT_KITW04_DAMAGE0_FRONT_B,,damage,needs adaptation
MUSTANGGT_KITW04_DAMAGE0_FRONT_C,,damage,needs adaptation
MUSTANGGT_KITW04_DAMAGE0_REARLEFT_A,,damage,needs adaptation
MUSTANGGT_KITW04_DAMAGE0_REARLEFT_B,,damage,needs adaptation
MUSTANGGT_KITW04_DAMAGE0_REARLEFT_C,,damage,needs adaptation
MUSTANGGT_KITW04_DAMAGE0_REARRIGHT_A,,damage,needs adaptation
MUSTANGGT_KITW04_DAMAGE0_REARRIGHT_B,,damage,needs adaptation
MUSTANGGT_KITW04_DAMAGE0_REARRIGHT_C,,damage,needs adaptation
MUSTANGGT_KITW04_DAMAGE0_REAR_A,,damage,needs adaptation
MUSTANGGT_KITW04_DAMAGE0_REAR_B,,damage,needs adaptation
MUSTANGGT_KITW04_DAMAGE0_REAR_C,,damage,needs adaptation
MUSTANGGT_KITW04_DOOR_LEFT_A,,standard,needs adaptation
MUSTANGGT_KITW04_DOOR_LEFT_B,,standard,needs adaptation
MUSTANGGT_KITW04_DOOR_LEFT_T0_A,,autosculpt,needs adaptation
MUSTANGGT_KITW04_DOOR_LEFT_T0_B,,autosculpt,needs adaptation
MUSTANGGT_KITW04_DOOR_LEFT_T1_A,,autosculpt,needs adaptation
MUSTANGGT_KITW04_DOOR_LEFT_T1_B,,autosculpt,needs adaptation
MUSTANGGT_KITW04_DOOR_RIGHT_A,,standard,needs adaptation
MUSTANGGT_KITW04_DOOR_RIGHT_B,,standard,needs adaptation
MUSTANGGT_KITW04_DOOR_RIGHT_T0_A,,autosculpt,needs adaptation
MUSTANGGT_KITW04_DOOR_RIGHT_T0_B,,autosculpt,needs adaptation
MUSTANGGT_KITW04_DOOR_RIGHT_T1_A,,autosculpt,needs adaptation
MUSTANGGT_KITW04_DOOR_RIGHT_T1_B,,autosculpt,needs adaptation
MUSTANGGT_KITW05_BODY_A,,standard,needs adaptation
MUSTANGGT_KITW05_BODY_B,,standard,needs adaptation
MUSTANGGT_KITW05_BODY_C,,standard,needs adaptation
MUSTANGGT_KITW05_BODY_D,,standard,needs adaptation
MUSTANGGT_KITW05_BODY_E,,standard,needs adaptation
MUSTANGGT_KITW05_DAMAGE0_FRONTLEFT_A,,damage,needs adaptation
MUSTANGGT_KITW05_DAMAGE0_FRONTLEFT_B,,damage,needs adaptation
MUSTANGGT_KITW05_DAMAGE0_FRONTLEFT_C,,damage,needs adaptation
MUSTANGGT_KITW05_DAMAGE0_FRONTRIGHT_A,,damage,needs adaptation
MUSTANGGT_KITW05_DAMAGE0_FRONTRIGHT_B,,damage,needs adaptation
MUSTANGGT_KITW05_DAMAGE0_FRONTRIGHT_C,,damage,needs adaptation
MUSTANGGT_KITW05_DAMAGE0_FRONT_A,,damage,needs adaptation
MUSTANGGT_KITW05_DAMAGE0_FRONT_B,,damage,needs adaptation
MUSTANGGT_KITW05_DAMAGE0_FRONT_C,,damage,needs adaptation
MUSTANGGT_KITW05_DAMAGE0_REARLEFT_A,,damage,needs adaptation
MUSTANGGT_KITW05_DAMAGE0_REARLEFT_B,,damage,needs adaptation
MUSTANGGT_KITW05_DAMAGE0_REARLEFT_C,,damage,needs adaptation
MUSTANGGT_KITW05_DAMAGE0_REARRIGHT_A,,damage,needs adaptation
MUSTANGGT_KITW05_DAMAGE0_REARRIGHT_B,,damage,needs adaptation
MUSTANGGT_KITW05_DAMAGE0_REARRIGHT_C,,damage,needs adaptation
MUSTANGGT_KITW05_DAMAGE0_REAR_A,,damage,needs adaptation
MUSTANGGT_KITW05_DAMAGE0_REAR_B,,damage,needs adaptation
MUSTANGGT_KITW05_DAMAGE0_REAR_C,,damage,needs adaptation
MUSTANGGT_KITW05_DOOR_LEFT_A,,standard,needs adaptation
MUSTANGGT_KITW05_DOOR_LEFT_B,,standard,needs adaptation
MUSTANGGT_KITW05_DOOR_LEFT_T0_A,,autosculpt,needs adaptation
MUSTANGGT_KITW05_DOOR_LEFT_T0_B,,autosculpt,needs adaptation
MUSTANGGT_KITW05_DOOR_LEFT_T1_A,,autosculpt,needs adaptation
MUSTANGGT_KITW05_DOOR_LEFT_T1_B,,autosculpt,needs adaptation
MUSTANGGT_KITW05_DOOR_RIGHT_A,,standard,needs adaptation
MUSTANGGT_KITW05_DOOR_RIGHT_B,,standard,needs adaptation
MUSTANGGT_KITW05_DOOR_RIGHT_T0_A,,autosculpt,needs adaptation
MUSTANGGT_KITW05_DOOR_RIGHT_T0_B,,autosculpt,needs adaptation
MUSTANGGT_KITW05_DOOR_RIGHT_T1_A,,autosculpt,needs adaptation
MUSTANGGT_KITW05_DOOR_RIGHT_T1_B,,autosculpt,needs adaptation
MUSTANGGT_STYLE01_HOOD_A,,standard,needs adaptation
MUSTANGGT_STYLE01_HOOD_AS_A,,autosculpt,needs adaptation
MUSTANGGT_STYLE01_HOOD_AS_B,,autosculpt,needs adaptation
MUSTANGGT_STYLE01_HOOD_AS_C,,autosculpt,needs adaptation
MUSTANGGT_STYLE01_HOOD_AS_D,,autosculpt,needs adaptation
MUSTANGGT_STYLE01_HOOD_AS_T0_A,,autosculpt,needs adaptation
MUSTANGGT_STYLE01_HOOD_AS_T0_B,,autosculpt,needs adaptation
MUSTANGGT_STYLE01_HOOD_AS_T0_C,,autosculpt,needs adaptation
MUSTANGGT_STYLE01_HOOD_AS_T0_D,,autosculpt,needs adaptation
MUSTANGGT_STYLE01_HOOD_AS_T1_A,,autosculpt,needs adaptation
MUSTANGGT_STYLE01_HOOD_AS_T1_B,,autosculpt,needs adaptation
MUSTANGGT_STYLE01_HOOD_AS_T1_C,,autosculpt,needs adaptation
MUSTANGGT_STYLE01_HOOD_AS_T1_D,,autosculpt,needs adaptation
MUSTANGGT_STYLE01_HOOD_AS_T2_A,,autosculpt,needs adaptation
MUSTANGGT_STYLE01_HOOD_AS_T2_B,,autosculpt,needs adaptation
MUSTANGGT_STYLE01_HOOD_AS_T2_C,,autosculpt,needs adaptation
MUSTANGGT_STYLE01_HOOD_AS_T2_D,,autosculpt,needs adaptation
MUSTANGGT_STYLE01_HOOD_AS_T3_A,,autosculpt,needs adaptation
MUSTANGGT_STYLE01_HOOD_AS_T3_B,,autosculpt,needs adaptation
MUSTANGGT_STYLE01_HOOD_AS_T3_C,,autosculpt,needs adaptation
MUSTANGGT_STYLE01_HOOD_AS_T3_D,,autosculpt,needs adaptation
MUSTANGGT_STYLE01_HOOD_AS_T4_A,,autosculpt,needs adaptation
MUSTANGGT_STYLE01_HOOD_AS_T4_B,,autosculpt,needs adaptation
MUSTANGGT_STYLE01_HOOD_AS_T4_C,,autosculpt,needs adaptation
MUSTANGGT_STYLE01_HOOD_AS_T4_D,,autosculpt,needs adaptation
MUSTANGGT_STYLE01_HOOD_B,,standard,needs adaptation
MUSTANGGT_STYLE01_HOOD_C,,standard,needs adaptation
MUSTANGGT_STYLE01_HOOD_D,,standard,needs adaptation
MUSTANGGT_STYLE02_HOOD_A,MUSTANGGT_STYLE02_HOOD_A,standard,export source available
MUSTANGGT_STYLE02_HOOD_AS_A,,autosculpt,needs adaptation
MUSTANGGT_STYLE02_HOOD_AS_B,,autosculpt,needs adaptation
MUSTANGGT_STYLE02_HOOD_AS_C,,autosculpt,needs adaptation
MUSTANGGT_STYLE02_HOOD_AS_D,,autosculpt,needs adaptation
MUSTANGGT_STYLE02_HOOD_AS_T0_A,,autosculpt,needs adaptation
MUSTANGGT_STYLE02_HOOD_AS_T0_B,,autosculpt,needs adaptation
MUSTANGGT_STYLE02_HOOD_AS_T0_C,,autosculpt,needs adaptation
MUSTANGGT_STYLE02_HOOD_AS_T0_D,,autosculpt,needs adaptation
MUSTANGGT_STYLE02_HOOD_AS_T1_A,,autosculpt,needs adaptation
MUSTANGGT_STYLE02_HOOD_AS_T1_B,,autosculpt,needs adaptation
MUSTANGGT_STYLE02_HOOD_AS_T1_C,,autosculpt,needs adaptation
MUSTANGGT_STYLE02_HOOD_AS_T1_D,,autosculpt,needs adaptation
MUSTANGGT_STYLE02_HOOD_AS_T2_A,,autosculpt,needs adaptation
MUSTANGGT_STYLE02_HOOD_AS_T2_B,,autosculpt,needs adaptation
MUSTANGGT_STYLE02_HOOD_AS_T2_C,,autosculpt,needs adaptation
MUSTANGGT_STYLE02_HOOD_AS_T2_D,,autosculpt,needs adaptation
MUSTANGGT_STYLE02_HOOD_AS_T3_A,,autosculpt,needs adaptation
MUSTANGGT_STYLE02_HOOD_AS_T3_B,,autosculpt,needs adaptation
MUSTANGGT_STYLE02_HOOD_AS_T3_C,,autosculpt,needs adaptation
MUSTANGGT_STYLE02_HOOD_AS_T3_D,,autosculpt,needs adaptation
MUSTANGGT_STYLE02_HOOD_AS_T4_A,,autosculpt,needs adaptation
MUSTANGGT_STYLE02_HOOD_AS_T4_B,,autosculpt,needs adaptation
MUSTANGGT_STYLE02_HOOD_AS_T4_C,,autosculpt,needs adaptation
MUSTANGGT_STYLE02_HOOD_AS_T4_D,,autosculpt,needs adaptation
MUSTANGGT_STYLE02_HOOD_B,MUSTANGGT_STYLE02_HOOD_B,standard,export source available
MUSTANGGT_STYLE02_HOOD_C,MUSTANGGT_STYLE02_HOOD_C,standard,export source available
MUSTANGGT_STYLE02_HOOD_D,MUSTANGGT_STYLE02_HOOD_D,standard,export source available
MUSTANGGT_STYLE03_HOOD_A,MUSTANGGT_STYLE03_HOOD_A,standard,export source available
MUSTANGGT_STYLE03_HOOD_AS_A,,autosculpt,needs adaptation
MUSTANGGT_STYLE03_HOOD_AS_B,,autosculpt,needs adaptation
MUSTANGGT_STYLE03_HOOD_AS_C,,autosculpt,needs adaptation
MUSTANGGT_STYLE03_HOOD_AS_D,,autosculpt,needs adaptation
MUSTANGGT_STYLE03_HOOD_AS_T0_A,,autosculpt,needs adaptation
MUSTANGGT_STYLE03_HOOD_AS_T0_B,,autosculpt,needs adaptation
MUSTANGGT_STYLE03_HOOD_AS_T0_C,,autosculpt,needs adaptation
MUSTANGGT_STYLE03_HOOD_AS_T0_D,,autosculpt,needs adaptation
MUSTANGGT_STYLE03_HOOD_AS_T1_A,,autosculpt,needs adaptation
MUSTANGGT_STYLE03_HOOD_AS_T1_B,,autosculpt,needs adaptation
MUSTANGGT_STYLE03_HOOD_AS_T1_C,,autosculpt,needs adaptation
MUSTANGGT_STYLE03_HOOD_AS_T1_D,,autosculpt,needs adaptation
MUSTANGGT_STYLE03_HOOD_AS_T2_A,,autosculpt,needs adaptation
MUSTANGGT_STYLE03_HOOD_AS_T2_B,,autosculpt,needs adaptation
MUSTANGGT_STYLE03_HOOD_AS_T2_C,,autosculpt,needs adaptation
MUSTANGGT_STYLE03_HOOD_AS_T2_D,,autosculpt,needs adaptation
MUSTANGGT_STYLE03_HOOD_AS_T3_A,,autosculpt,needs adaptation
MUSTANGGT_STYLE03_HOOD_AS_T3_B,,autosculpt,needs adaptation
MUSTANGGT_STYLE03_HOOD_AS_T3_C,,autosculpt,needs adaptation
MUSTANGGT_STYLE03_HOOD_AS_T3_D,,autosculpt,needs adaptation
MUSTANGGT_STYLE03_HOOD_AS_T4_A,,autosculpt,needs adaptation
MUSTANGGT_STYLE03_HOOD_AS_T4_B,,autosculpt,needs adaptation
MUSTANGGT_STYLE03_HOOD_AS_T4_C,,autosculpt,needs adaptation
MUSTANGGT_STYLE03_HOOD_AS_T4_D,,autosculpt,needs adaptation
MUSTANGGT_STYLE03_HOOD_B,MUSTANGGT_STYLE03_HOOD_B,standard,export source available
MUSTANGGT_STYLE03_HOOD_C,MUSTANGGT_STYLE03_HOOD_C,standard,export source available
MUSTANGGT_STYLE03_HOOD_D,MUSTANGGT_STYLE03_HOOD_D,standard,export source available
MUSTANGGT_STYLE04_HOOD_A,MUSTANGGT_STYLE04_HOOD_A,standard,export source available
MUSTANGGT_STYLE04_HOOD_AS_A,,autosculpt,needs adaptation
MUSTANGGT_STYLE04_HOOD_AS_B,,autosculpt,needs adaptation
MUSTANGGT_STYLE04_HOOD_AS_C,,autosculpt,needs adaptation
MUSTANGGT_STYLE04_HOOD_AS_D,,autosculpt,needs adaptation
MUSTANGGT_STYLE04_HOOD_AS_T0_A,,autosculpt,needs adaptation
MUSTANGGT_STYLE04_HOOD_AS_T0_B,,autosculpt,needs adaptation
MUSTANGGT_STYLE04_HOOD_AS_T0_C,,autosculpt,needs adaptation
MUSTANGGT_STYLE04_HOOD_AS_T0_D,,autosculpt,needs adaptation
MUSTANGGT_STYLE04_HOOD_AS_T1_A,,autosculpt,needs adaptation
MUSTANGGT_STYLE04_HOOD_AS_T1_B,,autosculpt,needs adaptation
MUSTANGGT_STYLE04_HOOD_AS_T1_C,,autosculpt,needs adaptation
MUSTANGGT_STYLE04_HOOD_AS_T1_D,,autosculpt,needs adaptation
MUSTANGGT_STYLE04_HOOD_AS_T2_A,,autosculpt,needs adaptation
MUSTANGGT_STYLE04_HOOD_AS_T2_B,,autosculpt,needs adaptation
MUSTANGGT_STYLE04_HOOD_AS_T2_C,,autosculpt,needs adaptation
MUSTANGGT_STYLE04_HOOD_AS_T2_D,,autosculpt,needs adaptation
MUSTANGGT_STYLE04_HOOD_AS_T3_A,,autosculpt,needs adaptation
MUSTANGGT_STYLE04_HOOD_AS_T3_B,,autosculpt,needs adaptation
MUSTANGGT_STYLE04_HOOD_AS_T3_C,,autosculpt,needs adaptation
MUSTANGGT_STYLE04_HOOD_AS_T3_D,,autosculpt,needs adaptation
MUSTANGGT_STYLE04_HOOD_AS_T4_A,,autosculpt,needs adaptation
MUSTANGGT_STYLE04_HOOD_AS_T4_B,,autosculpt,needs adaptation
MUSTANGGT_STYLE04_HOOD_AS_T4_C,,autosculpt,needs adaptation
MUSTANGGT_STYLE04_HOOD_AS_T4_D,,autosculpt,needs adaptation
MUSTANGGT_STYLE04_HOOD_AS_T5_A,,autosculpt,needs adaptation
MUSTANGGT_STYLE04_HOOD_AS_T5_B,,autosculpt,needs adaptation
MUSTANGGT_STYLE04_HOOD_AS_T5_C,,autosculpt,needs adaptation
MUSTANGGT_STYLE04_HOOD_AS_T5_D,,autosculpt,needs adaptation
MUSTANGGT_STYLE04_HOOD_B,MUSTANGGT_STYLE04_HOOD_B,standard,export source available
MUSTANGGT_STYLE04_HOOD_C,MUSTANGGT_STYLE04_HOOD_C,standard,export source available
MUSTANGGT_STYLE04_HOOD_D,MUSTANGGT_STYLE04_HOOD_D,standard,export source available
MUSTANGGT_STYLE05_HOOD_A,MUSTANGGT_STYLE05_HOOD_A,standard,export source available
MUSTANGGT_STYLE05_HOOD_AS_A,,autosculpt,needs adaptation
MUSTANGGT_STYLE05_HOOD_AS_B,,autosculpt,needs adaptation
MUSTANGGT_STYLE05_HOOD_AS_C,,autosculpt,needs adaptation
MUSTANGGT_STYLE05_HOOD_AS_D,,autosculpt,needs adaptation
MUSTANGGT_STYLE05_HOOD_AS_T0_A,,autosculpt,needs adaptation
MUSTANGGT_STYLE05_HOOD_AS_T0_B,,autosculpt,needs adaptation
MUSTANGGT_STYLE05_HOOD_AS_T0_C,,autosculpt,needs adaptation
MUSTANGGT_STYLE05_HOOD_AS_T0_D,,autosculpt,needs adaptation
MUSTANGGT_STYLE05_HOOD_AS_T1_A,,autosculpt,needs adaptation
MUSTANGGT_STYLE05_HOOD_AS_T1_B,,autosculpt,needs adaptation
MUSTANGGT_STYLE05_HOOD_AS_T1_C,,autosculpt,needs adaptation
MUSTANGGT_STYLE05_HOOD_AS_T1_D,,autosculpt,needs adaptation
MUSTANGGT_STYLE05_HOOD_AS_T2_A,,autosculpt,needs adaptation
MUSTANGGT_STYLE05_HOOD_AS_T2_B,,autosculpt,needs adaptation
MUSTANGGT_STYLE05_HOOD_AS_T2_C,,autosculpt,needs adaptation
MUSTANGGT_STYLE05_HOOD_AS_T2_D,,autosculpt,needs adaptation
MUSTANGGT_STYLE05_HOOD_AS_T3_A,,autosculpt,needs adaptation
MUSTANGGT_STYLE05_HOOD_AS_T3_B,,autosculpt,needs adaptation
MUSTANGGT_STYLE05_HOOD_AS_T3_C,,autosculpt,needs adaptation
MUSTANGGT_STYLE05_HOOD_AS_T3_D,,autosculpt,needs adaptation
MUSTANGGT_STYLE05_HOOD_AS_T4_A,,autosculpt,needs adaptation
MUSTANGGT_STYLE05_HOOD_AS_T4_B,,autosculpt,needs adaptation
MUSTANGGT_STYLE05_HOOD_AS_T4_C,,autosculpt,needs adaptation
MUSTANGGT_STYLE05_HOOD_AS_T4_D,,autosculpt,needs adaptation
MUSTANGGT_STYLE05_HOOD_B,MUSTANGGT_STYLE05_HOOD_B,standard,export source available
MUSTANGGT_STYLE05_HOOD_C,MUSTANGGT_STYLE05_HOOD_C,standard,export source available
MUSTANGGT_STYLE05_HOOD_D,MUSTANGGT_STYLE05_HOOD_D,standard,export source available
MUSTANGGT_STYLE06_HOOD_A,MUSTANGGT_STYLE06_HOOD_A,standard,export source available
MUSTANGGT_STYLE06_HOOD_AS_A,,autosculpt,needs adaptation
MUSTANGGT_STYLE06_HOOD_AS_B,,autosculpt,needs adaptation
MUSTANGGT_STYLE06_HOOD_AS_C,,autosculpt,needs adaptation
MUSTANGGT_STYLE06_HOOD_AS_D,,autosculpt,needs adaptation
MUSTANGGT_STYLE06_HOOD_AS_T0_A,,autosculpt,needs adaptation
MUSTANGGT_STYLE06_HOOD_AS_T0_B,,autosculpt,needs adaptation
MUSTANGGT_STYLE06_HOOD_AS_T0_C,,autosculpt,needs adaptation
MUSTANGGT_STYLE06_HOOD_AS_T0_D,,autosculpt,needs adaptation
MUSTANGGT_STYLE06_HOOD_AS_T1_A,,autosculpt,needs adaptation
MUSTANGGT_STYLE06_HOOD_AS_T1_B,,autosculpt,needs adaptation
MUSTANGGT_STYLE06_HOOD_AS_T1_C,,autosculpt,needs adaptation
MUSTANGGT_STYLE06_HOOD_AS_T1_D,,autosculpt,needs adaptation
MUSTANGGT_STYLE06_HOOD_AS_T2_A,,autosculpt,needs adaptation
MUSTANGGT_STYLE06_HOOD_AS_T2_B,,autosculpt,needs adaptation
MUSTANGGT_STYLE06_HOOD_AS_T2_C,,autosculpt,needs adaptation
MUSTANGGT_STYLE06_HOOD_AS_T2_D,,autosculpt,needs adaptation
MUSTANGGT_STYLE06_HOOD_AS_T3_A,,autosculpt,needs adaptation
MUSTANGGT_STYLE06_HOOD_AS_T3_B,,autosculpt,needs adaptation
MUSTANGGT_STYLE06_HOOD_AS_T3_C,,autosculpt,needs adaptation
MUSTANGGT_STYLE06_HOOD_AS_T3_D,,autosculpt,needs adaptation
MUSTANGGT_STYLE06_HOOD_AS_T4_A,,autosculpt,needs adaptation
MUSTANGGT_STYLE06_HOOD_AS_T4_B,,autosculpt,needs adaptation
MUSTANGGT_STYLE06_HOOD_AS_T4_C,,autosculpt,needs adaptation
MUSTANGGT_STYLE06_HOOD_AS_T4_D,,autosculpt,needs adaptation
MUSTANGGT_STYLE06_HOOD_B,MUSTANGGT_STYLE06_HOOD_B,standard,export source available
MUSTANGGT_STYLE06_HOOD_C,MUSTANGGT_STYLE06_HOOD_C,standard,export source available
MUSTANGGT_STYLE06_HOOD_D,MUSTANGGT_STYLE06_HOOD_D,standard,export source available
MUSTANGGT_STYLE07_HOOD_A,MUSTANGGT_STYLE07_HOOD_A,standard,export source available
MUSTANGGT_STYLE07_HOOD_AS_A,,autosculpt,needs adaptation
MUSTANGGT_STYLE07_HOOD_AS_B,,autosculpt,needs adaptation
MUSTANGGT_STYLE07_HOOD_AS_C,,autosculpt,needs adaptation
MUSTANGGT_STYLE07_HOOD_AS_D,,autosculpt,needs adaptation
MUSTANGGT_STYLE07_HOOD_AS_T0_A,,autosculpt,needs adaptation
MUSTANGGT_STYLE07_HOOD_AS_T0_B,,autosculpt,needs adaptation
MUSTANGGT_STYLE07_HOOD_AS_T0_C,,autosculpt,needs adaptation
MUSTANGGT_STYLE07_HOOD_AS_T0_D,,autosculpt,needs adaptation
MUSTANGGT_STYLE07_HOOD_AS_T1_A,,autosculpt,needs adaptation
MUSTANGGT_STYLE07_HOOD_AS_T1_B,,autosculpt,needs adaptation
MUSTANGGT_STYLE07_HOOD_AS_T1_C,,autosculpt,needs adaptation
MUSTANGGT_STYLE07_HOOD_AS_T1_D,,autosculpt,needs adaptation
MUSTANGGT_STYLE07_HOOD_AS_T2_A,,autosculpt,needs adaptation
MUSTANGGT_STYLE07_HOOD_AS_T2_B,,autosculpt,needs adaptation
MUSTANGGT_STYLE07_HOOD_AS_T2_C,,autosculpt,needs adaptation
MUSTANGGT_STYLE07_HOOD_AS_T2_D,,autosculpt,needs adaptation
MUSTANGGT_STYLE07_HOOD_AS_T3_A,,autosculpt,needs adaptation
MUSTANGGT_STYLE07_HOOD_AS_T3_B,,autosculpt,needs adaptation
MUSTANGGT_STYLE07_HOOD_AS_T3_C,,autosculpt,needs adaptation
MUSTANGGT_STYLE07_HOOD_AS_T3_D,,autosculpt,needs adaptation
MUSTANGGT_STYLE07_HOOD_AS_T4_A,,autosculpt,needs adaptation
MUSTANGGT_STYLE07_HOOD_AS_T4_B,,autosculpt,needs adaptation
MUSTANGGT_STYLE07_HOOD_AS_T4_C,,autosculpt,needs adaptation
MUSTANGGT_STYLE07_HOOD_AS_T4_D,,autosculpt,needs adaptation
MUSTANGGT_STYLE07_HOOD_AS_T5_A,,autosculpt,needs adaptation
MUSTANGGT_STYLE07_HOOD_AS_T5_B,,autosculpt,needs adaptation
MUSTANGGT_STYLE07_HOOD_AS_T5_C,,autosculpt,needs adaptation
MUSTANGGT_STYLE07_HOOD_AS_T5_D,,autosculpt,needs adaptation
MUSTANGGT_STYLE07_HOOD_B,MUSTANGGT_STYLE07_HOOD_B,standard,export source available
MUSTANGGT_STYLE07_HOOD_C,MUSTANGGT_STYLE07_HOOD_C,standard,export source available
MUSTANGGT_STYLE07_HOOD_D,MUSTANGGT_STYLE07_HOOD_D,standard,export source available
MUSTANGGT_STYLE08_HOOD_A,,standard,needs adaptation
MUSTANGGT_STYLE08_HOOD_AS_A,,autosculpt,needs adaptation
MUSTANGGT_STYLE08_HOOD_AS_B,,autosculpt,needs adaptation
MUSTANGGT_STYLE08_HOOD_AS_C,,autosculpt,needs adaptation
MUSTANGGT_STYLE08_HOOD_AS_D,,autosculpt,needs adaptation
MUSTANGGT_STYLE08_HOOD_AS_T0_A,,autosculpt,needs adaptation
MUSTANGGT_STYLE08_HOOD_AS_T0_B,,autosculpt,needs adaptation
MUSTANGGT_STYLE08_HOOD_AS_T0_C,,autosculpt,needs adaptation
MUSTANGGT_STYLE08_HOOD_AS_T0_D,,autosculpt,needs adaptation
MUSTANGGT_STYLE08_HOOD_AS_T1_A,,autosculpt,needs adaptation
MUSTANGGT_STYLE08_HOOD_AS_T1_B,,autosculpt,needs adaptation
MUSTANGGT_STYLE08_HOOD_AS_T1_C,,autosculpt,needs adaptation
MUSTANGGT_STYLE08_HOOD_AS_T1_D,,autosculpt,needs adaptation
MUSTANGGT_STYLE08_HOOD_AS_T2_A,,autosculpt,needs adaptation
MUSTANGGT_STYLE08_HOOD_AS_T2_B,,autosculpt,needs adaptation
MUSTANGGT_STYLE08_HOOD_AS_T2_C,,autosculpt,needs adaptation
MUSTANGGT_STYLE08_HOOD_AS_T2_D,,autosculpt,needs adaptation
MUSTANGGT_STYLE08_HOOD_AS_T3_A,,autosculpt,needs adaptation
MUSTANGGT_STYLE08_HOOD_AS_T3_B,,autosculpt,needs adaptation
MUSTANGGT_STYLE08_HOOD_AS_T3_C,,autosculpt,needs adaptation
MUSTANGGT_STYLE08_HOOD_AS_T3_D,,autosculpt,needs adaptation
MUSTANGGT_STYLE08_HOOD_AS_T4_A,,autosculpt,needs adaptation
MUSTANGGT_STYLE08_HOOD_AS_T4_B,,autosculpt,needs adaptation
MUSTANGGT_STYLE08_HOOD_AS_T4_C,,autosculpt,needs adaptation
MUSTANGGT_STYLE08_HOOD_AS_T4_D,,autosculpt,needs adaptation
MUSTANGGT_STYLE08_HOOD_AS_T5_A,,autosculpt,needs adaptation
MUSTANGGT_STYLE08_HOOD_AS_T5_B,,autosculpt,needs adaptation
MUSTANGGT_STYLE08_HOOD_AS_T5_C,,autosculpt,needs adaptation
MUSTANGGT_STYLE08_HOOD_AS_T5_D,,autosculpt,needs adaptation
MUSTANGGT_STYLE08_HOOD_B,,standard,needs adaptation
MUSTANGGT_STYLE08_HOOD_C,,standard,needs adaptation
MUSTANGGT_STYLE08_HOOD_D,,standard,needs adaptation
